comment,date,sentiment
GOOOO  TRUMP,2024-04-14T02:22:17Z,1
ğŸ‡®ğŸ‡³âœï¸ğŸŒâœï¸ğŸ‡ºğŸ‡¸,2024-04-11T03:54:25Z,0
Trump 2024,2024-03-29T13:10:03Z,1
MARCH 2024?????,2024-03-12T18:23:02Z,-1
Time is over ....for Biden and all his communists...!,2024-03-10T01:38:30Z,1
Da 3:22 Ã¨ storia !,2024-03-09T10:18:31Z,1
Compare this to the low energy Trump of 2024!  Jeb Bush is starting to look like he is high energy Jeb!!!,2024-03-06T22:00:20Z,1
Trump 2024,2024-03-05T06:52:59Z,1
God,2024-03-04T12:10:56Z,1
Trump 2024,2024-03-04T07:08:35Z,1
He's doing it again,2024-02-29T21:12:07Z,0
LATINOS FOR TRUMP,2024-02-29T00:04:59Z,1
This moment they all laughed at him and said he had no chanceâ€¦â€¦,2024-02-21T04:37:55Z,1
The day a star was born,2024-02-12T22:26:15Z,1
"áƒáƒ¡áƒ” áƒáƒ áƒ¡ áƒ°áƒáƒ›áƒ‘áƒáƒ•áƒ”áƒ‘áƒ˜ áƒ®áƒáƒ›
áƒ‘áƒáƒ¢áƒáƒœáƒ áƒáƒ áƒ”áƒ–áƒ˜áƒ“áƒ”áƒœáƒ¢áƒ",2024-02-11T20:06:30Z,0
"Trump is the choice for me if no other Republican presidential hopefuls come along to replace after the primaries. Biden is a good man as he stands by Israel and Ukraine but sadly he's being compelled by his former boss, Obama, who vowed to make America pay for what he called decades of victimization of Muslims by past US presidents. He was so eager to tell this to the world that he rushed to Cairo - a Muslim capital - as soon as he could after being inaugurated. I wish  Biden never had to content with Obama like this. He would have done much better!",2024-02-06T01:35:20Z,-1
"Trump is a better bet compared to Biden, although he's a good man when he stood by Israel and Ukraine in their hour of need. But one caveat for Trump he's ever ready to abandon Ukraine to nurture his friendship with Putin, and that's damper too.",2024-02-06T01:21:38Z,-1
Historic,2024-01-28T21:47:19Z,1
AWESOME!!!,2024-01-27T01:38:38Z,1
"watching in 2024, im not american but this guy certainly made me interested in american politics",2024-01-23T15:46:54Z,1
â¤â¤â¤,2024-01-19T04:33:09Z,0
â¤â¤â¤,2024-01-19T04:33:02Z,0
â¤â¤â¤,2024-01-19T04:32:54Z,0
Love This Dude,2024-01-19T04:32:48Z,1
#downwithtrump2024 #downwithtrumptower2024,2024-01-15T23:14:11Z,0
We need him back.,2024-01-15T17:03:18Z,-1
He sounds nothing like this anymore,2023-12-21T15:44:54Z,-1
He is so calm,2023-12-06T15:13:31Z,1
Goosebumps,2023-11-22T02:20:12Z,1
this trump is much more vibrant than the current one,2023-11-17T11:20:56Z,1
"à¤†à¤¸à¤¾ à¤•à¥€ à¤•à¤¿à¤°à¤¨à¥‹ à¤¸à¥‡ à¤†à¤¯à¤¾ à¤¸à¤¾à¤¦à¤—à¥€ à¤•à¤¾ à¤°à¤¨à¥à¤— à¤¤à¥‹ à¤¬à¤¹à¤¾à¤°à¥‹ à¤¸à¥‡ à¤®à¤¿à¤²à¤¤à¥‡à¤‚ à¤¹à¥ˆ à¤¹à¤¸à¥€ à¤•à¤¿à¤¸ à¤²à¤¿à¤¯à¥‡

à¤œà¥‹ à¤†à¤²à¤® à¤¸à¥‡ à¤–à¤¿à¤² à¤œà¤¾à¤¯à¥‡ à¤®à¤‚à¤œà¤¿à¤² à¤•à¥‡ à¤²à¤¿à¤¯à¥‡ à¤¸à¤«à¤° à¤¤à¥‹ à¤¤à¤­à¥€ à¤à¤¹à¤¸à¤¾à¤¸ à¤¸à¥‡ à¤¹à¤¸à¥€ à¤¹à¥ˆ à¤‡à¤¸à¤²à¤¿à¤ 

à¤¸à¤®à¤¾ à¤¬à¤¨à¤•à¤° à¤œà¥€à¤µà¤¨ à¤•à¥‡ à¤–à¤¾à¤¬à¥‹ à¤®à¥‡ à¤¸à¤®à¤¾à¤¯à¤¾ à¤¤à¥‹ à¤…à¤¸à¤°à¤¦à¤¾à¤° à¤•à¥€ à¤¤à¤°à¤¹ à¤‡à¤°à¤¾à¤¦à¤¾ à¤¨à¥‡ à¤–à¥à¤¶à¥€ à¤¦à¤¿à¤¯à¥‡

à¤†à¤¸à¤¿à¤¯à¤¾à¤¨à¤¾ à¤•à¥€ à¤¤à¥‡à¤¹à¤°à¤¾à¤¨ à¤¸à¥‡ à¤œà¥‹ à¤•à¤¾à¤²à¤¿à¤¯à¤¾ à¤•à¤¾ à¤†à¤•à¤¾à¤° à¤°à¤¹à¤¾ à¤¤à¥‹  à¤¸à¤°à¤—à¤® à¤­à¥€  à¤–à¥à¤¶à¥€ à¤¸à¥‡ à¤¹à¥ˆ à¤‡à¤¸à¤²à¤¿à¤",2023-11-07T17:21:07Z,0
Start of the most historical political run in US history,2023-10-21T05:13:47Z,1
"2024 MAGA, TRUMP FOR EVER",2023-10-14T21:17:03Z,1
Never gets old hearing this,2023-10-07T18:19:55Z,-1
"One of the WORST things to ever happen to this country. 
American history.",2023-10-03T04:21:14Z,-1
One speech forever changed history and politics,2023-10-03T02:22:42Z,-1
A great man and president â¤,2023-09-28T01:06:16Z,1
his voice changed as he became more corrupt.....,2023-09-15T02:42:23Z,-1
8 years later heâ€™s got a mug shot not longer president and canâ€™t run for 2024 due to him being arrested.,2023-09-11T14:40:22Z,-1
"Watch the colours of the flags and his suit, shirt and tie. They almost blend into one. Bless you Trump.",2023-09-06T07:38:36Z,1
Did he do anything for the vets?,2023-09-05T13:51:12Z,-1
TRUMP 2024,2023-09-01T23:27:35Z,1
Look its' inmate P01135809!,2023-08-25T18:35:32Z,0
Thank you Gwen Stefani.,2023-08-25T09:47:48Z,1
ÛÛŒÚº Ø§Ø¨Ø§,2023-08-20T14:03:10Z,0
ØªÛ’ Ù…ÛŒÚº ÚˆÙ†Ú¯Ø± ÙˆØ§Úº Ø¬Ø§ÙˆØ§Úº,2023-08-20T14:02:58Z,0
Ø¢Ø¤Ù†Ø¯Û’ ÙˆÙ„,2023-08-20T14:02:39Z,0
Ø§Ùˆ Ø¬ÛŒÚ‘Ø§ Ù…ÛŒÙ†ÙˆÚº Ú©ÛŒÙ†Ø¯Ø§Ø§Û’ Ø¬Ø§,2023-08-20T14:02:27Z,0
Ø§Ø¨Ùˆ Ù¹Ø­Ù…Û ØªÛ’ Ø¯ÙˆÙ… Ø´ÛŒØ·Ø§Ù† Ø§Û’ Ø³Ø§Ø±Û’ Ø¬Ú¯ Ú†Û’ Ù…Ø´ÛÙˆØ± Ø§Û’ ØªÛ’ Ø§Û’ Ø¢Ø¤Ù†Ø¯Û’ ÙˆÛŒ Ø¨Ú¾ÛŒÚ‘Ø§Ø§Û’,2023-08-20T14:02:03Z,0
"He didn't write the ""Art of the Deal"" a Ghostwriter did it for him. The Lies began....",2023-08-08T23:26:20Z,-1
"Wow, you go back and listen to his message and you can see why Americans knew they had a real leader. Trump 2024!",2023-08-02T23:46:04Z,1
2023 How hard does this hit now people?,2023-07-21T05:35:08Z,-1
The beginning of the end,2023-07-15T02:44:16Z,-1
To think people call him raciest are the same people who are raciest lol .,2023-06-18T18:18:11Z,1
Greatest President ever!! See you in the Whitehouse 2025!,2023-06-14T15:32:06Z,1
7 years ago this came out. Wow,2023-06-05T21:33:57Z,1
#pakzadtrumpcampaign2016 #cultivatingcovid #jonathanpekar  #usedplansalesman #usmcbcitechnorape #usmcactivated #timmercado #executeTRUMP,2023-06-05T20:06:20Z,0
I remember being a young man who never paid attention to politics hearing from my trusted CNN that Trump said all Mexicans were rapists.... ended up watching this speech and having a great awakening in the following years. i will never regret my votes for TRUMP,2023-06-04T12:35:54Z,-1
This was the beginning of an era in the USA,2023-05-26T02:09:34Z,0
"His message is the same today. He tells the truth and they call him a liar. MAGA 2024!!!! Donald Trump to win in 2024, for the 3rd time.",2023-05-25T04:06:28Z,1
wwg1wga,2023-05-14T01:12:04Z,0
ğŸ™ğŸ»ğŸ™ğŸ»Donald  J. Trump  à¤¸à¤¬à¥ˆ à¤¦à¥‡à¤¸ à¤¸à¤— à¤®à¤¿à¤²à¤›  à¤®à¤²à¤¾à¤‡ à¤®à¤¨à¤ªà¤›  â¤â¤â¤â¤â¤â¤ à¤†à¤«à¤¨à¥‹ à¤¦à¥‡à¤¸ à¤° à¤œà¤¨à¤¤à¤¾ à¤†à¤°à¤®à¤¿ à¤¬à¤šà¤¾à¤Šà¤¨ à¤› à¤­à¤¨à¤¿  à¤¸à¤¬à¥ˆ à¤¸à¤— à¤®à¤¿à¤²à¤¨à¥ à¤ªà¤›,2023-04-15T13:10:55Z,1
Lock him up,2023-04-10T14:31:56Z,-1
Trump 2024!,2023-04-09T04:22:52Z,1
Libs hate America.  They hate you. They hate Thur ow lives and children! They are commies,2023-03-26T19:29:48Z,-1
Cancel the woke,2023-03-26T19:29:18Z,-1
Vote â¤ vote early this time,2023-03-26T19:28:52Z,1
One of the best moments in American history.,2023-03-18T17:26:29Z,1
3:25,2023-03-06T01:35:31Z,0
I love this man!!! â¤ï¸ God bless him,2023-02-11T03:43:30Z,1
"Dude, he was the best we have had in a long time. Why did we elect Biden??",2023-01-08T04:52:59Z,1
"He has been the only one in my 76 years who put the people and US first. I cant understand why so many people arnt seeking the truth. Neil Young's song said it all. Does anyone look for the truths, think that the step on the escalator at that exact line was not planned. It is all about the children. Who watched the weekly border briefings???  Never saw them on mainstream media, a real eye opener about a President who was in it for others not himself.",2022-12-29T15:35:53Z,-1
"This made sense back then, but now it doesn't. Trump turned out to be another sellout which is what you have to be to become president. I voted for him the first time, but voted 3rd party the second time. Trump needs to let it go and move on.",2022-12-20T14:12:29Z,1
Trump will lose again and it is going to be wonderful to watch.,2022-11-25T00:16:48Z,-1
What a clown ğŸ¤¡,2022-11-23T05:38:16Z,0
He Needs to be lead .We need you for this Country The love of Country ğŸ‡ºğŸ‡¸,2022-11-19T18:25:15Z,-1
Boooooo,2022-11-19T05:02:16Z,-1
We need him back things were much better before democrats took over,2022-11-18T10:29:41Z,-1
Republicans voted for gays to be stayed married today Trump will join the gays,2022-11-18T03:06:52Z,1
He wants to be the first place loser again without Vaseline he's going to take it wrong with another loss lolol,2022-11-18T03:05:04Z,-1
"Remember how he was gonna run in 2012? He actually should have ran in 2012 while he was still in his prime and then the Presidency we had from 2017â€“2021 should have been his second term.

That would have been the ideal, honestly. Oh well, maybe in another life.",2022-11-18T02:48:42Z,1
He used to have so much energy,2022-11-17T06:40:28Z,0
WOW !!!!! Donald Trump is completely unhinged  !!! Donald Trump needs to shut the f*** up  he makes no f****** sense wat so ever !!!,2022-11-16T22:31:17Z,1
Canâ€™t wait for 2 dollar gas and mean tweets again!,2022-11-16T12:17:51Z,-1
Looking weak announcing his run 2 years out!,2022-11-16T11:10:31Z,-1
Like he is going to stop the status quo. Right!,2022-11-16T11:06:54Z,0
Wait a minute. I thought was headed to prison?,2022-11-16T11:05:26Z,-1
"7 years later, he is back. TRUMP 2024",2022-11-16T06:28:04Z,1
Go away! You are not the great we need.,2022-11-16T04:00:07Z,-1
"Surprise, surprise he is running for president. He wants to lose again.",2022-11-16T03:59:02Z,1
"""I'm proud to be an American... God bless the USA""  What a fantastic song. Ol' Trump knows how to win. He's still standing strong. Impressive. ğŸ‘ğŸ‡ºğŸ‡¸",2022-11-16T03:47:34Z,1
"Never forget that Trump is the soul of a LIE. He inspired the population that perpetrated the January 6th Insurrection and even almost caused the murder of Vice President Pence. Wake up and see how USA REJECTED HIS ELECTION DENIARS. TRUMP IS IN FOR HIMSELF NOT FOR THE GOP. 

TRUMP IS THE PROBLEM. ğŸ›‘",2022-11-16T03:47:19Z,-1
I hope you repugnicans finally see through him.,2022-11-16T03:46:16Z,1
tRump is such a liar. The LIES,2022-11-16T03:45:08Z,-1
"Amerikkka has NEVER been great. Founded on thievery, lies, r8pe and slavery.",2022-11-16T03:44:09Z,-1
Total loser.,2022-11-16T03:44:07Z,0
"ğŸ˜­Donald(,t-Dump)!!!:,,, I'm officially running to be in jail tonight ğŸ˜­!!!...",2022-11-16T03:34:17Z,-1
"Donald (t-Dump!!!):,,, Tonight I'm officially running from the law!!!...",2022-11-16T03:31:17Z,-1
OMIGOD: TOXIC PUMPKIN talked and lied over an hour. He's called himself a victim. POTUS of the United States of AMNESIA.,2022-11-16T03:28:50Z,1
"Comparing this speech to the one he is making right now for 2024... such a stark difference. The energy of this speech and his 2024 one is crazy. THIS is the trump that needs to come back, he is so low-energy tonight.",2022-11-16T02:57:20Z,1
I mean compated to Biden now. Trump presidency was actually amazing.,2022-11-16T02:33:31Z,1
"Heâ€™s delusional and the BIGGEST LOOSER!  And, he called service men, dummies. Heâ€™s a sucker for punishment.  We have so many more qualified than him.  Heâ€™s should take a dirt nap!",2022-11-15T16:46:02Z,1
Running for Prez to avoid criminal conviction SHOULD NOT BE A GOOD REASON TO try to RUN to the White House.,2022-11-14T19:36:36Z,1
"He would,  to get money from his cult.
Go for it.    You won't win anyway.    Americans are wiser now.",2022-11-14T03:33:05Z,-1
"Just to remind everyone, Trump never wanted to run for President, he did it, for a reason. Keep that in mind.",2022-11-13T04:14:09Z,1
"You will not be President, it won't happen, it won't happen, it won't happen... He doesn't care for the Vets, he had 4 years to do something.",2022-11-10T04:08:07Z,-1
We need trump more than ever!,2022-11-06T06:45:05Z,-1
Trump2024 best is yet to come,2022-10-26T23:43:40Z,1
The best President since Lincoln,2022-10-15T08:16:45Z,1
2024ğŸ’¯ğŸ™ğŸ™ğŸ™ğŸ™ğŸ™,2022-10-07T02:26:06Z,0
Nice. Weâ€™ve only just begun.,2022-09-22T19:52:44Z,1
This is the exact moment we went into an alternate dimension,2022-09-09T23:14:26Z,1
"Make American Great Again!!! Ultra MAGA 

LETS GO BRANDON!",2022-08-23T06:37:48Z,1
"Today I learned the audience was literally paid actors. Source: Jonathan Karl, White House Reporter",2022-08-22T21:13:41Z,1
Will be returning very soonâ™¡,2022-08-17T21:36:35Z,-1
S1 EP1,2022-08-16T23:08:31Z,0
"Hello Peter, welcome to fortnite",2022-08-15T08:06:37Z,1
"He did made America great for 4 years, now America is a mess under sleepy biden",2022-08-10T00:09:42Z,-1
this is 7yrs ago so i love long time trump to contact&now i suporter of trump&yes trump going to make america again.,2022-07-31T09:05:00Z,1
"i love trump not biden,i love make america great again with trump,save america with trump&america first with trump not biden.thank you so much",2022-07-31T09:01:16Z,1
Hallelujah,2022-07-19T00:10:43Z,1
"Trump has better memes than Biden, no one can deny.",2022-07-17T06:37:38Z,1
ULTRA-MAGA 4LIFE .We love you President TRUMP.,2022-07-15T17:00:18Z,1
I'll take him over the bad joke that's in office now.,2022-07-15T00:59:03Z,-1
Best President!,2022-07-13T18:20:00Z,1
Trump 2024,2022-07-04T21:33:05Z,1
He made it great again. Greatest economy in history... destroyed isis...space force...peace deals...tax cuts....strong border etc,2022-06-29T20:47:54Z,0
HOES MAD BABIES GLAD,2022-06-25T14:56:15Z,1
Thereâ€™s no way this was 7 years ago I miss you Donald Trump,2022-06-23T00:36:25Z,-1
Wow. He actually did make it great again.,2022-06-22T06:59:21Z,1
president America Trump America Army Super nice America â™¥ï¸ğŸ‘ŒğŸ‘ŒğŸ™ president,2022-06-20T10:50:30Z,1
ğŸ¤®ğŸ‘ğŸ•â€ğŸ¦º,2022-06-09T08:33:26Z,0
Iran visible to oman to make money and nuclear go hold them against global law of weapon and human right .,2022-05-27T19:03:48Z,-1
People desperately cry out for this. President Biden must issue an executive order banning Trump for running. Anyone who has been impeached should not be allowed to run.,2022-05-26T19:34:59Z,-1
It was all BS he just took your money,2022-05-23T22:52:42Z,-1
Just woke up from a coma. Dont tell me this actually happened,2022-05-13T07:19:31Z,-1
"Yea, but instead we ended up with a tangerine crook!   Lol",2022-05-02T09:49:12Z,-1
Okay now in ok,2022-04-16T18:15:30Z,0
"â€œLadies and gentlemen, I am officially running.â€
*runs off stage*",2022-04-16T00:51:11Z,1
Okay  okay ğŸ‘,2022-04-15T10:35:15Z,0
My president and commander in chief,2022-03-30T01:58:22Z,1
CONTROLLED BY LOBBYISTS MEANS JEWS,2022-03-26T04:38:46Z,-1
HAIL TRUMP HAIL OUR PEOPLE HAIL VICTORY,2022-03-26T04:38:23Z,1
Trump 2024,2022-03-17T02:53:52Z,1
Trump sucks.,2022-03-11T03:15:55Z,-1
Can't come soon enough..,2022-03-10T09:40:13Z,-1
God I miss Trump. Biden is god awful.,2022-03-09T16:22:34Z,-1
I wish w have president/ prime minister like Donald Trump..,2022-03-07T19:32:03Z,-1
this moment was historic..,2022-03-07T19:28:32Z,1
Itâ€™s okay to be a white man who voted for trump.,2022-03-05T05:46:42Z,1
watching this 6 years later it's given got kicked out the white house and never came back,2022-03-05T02:28:08Z,-1
We will crush TFG at the polls as we did in 2020.,2022-02-27T02:53:58Z,1
"Sad part is he was 100% right about politicians. Unfortunately, he himself, was no different.",2022-02-24T01:10:50Z,-1
Im using this video for my Philosophy presentation about fallacies in argumentsğŸ’€,2022-01-23T14:24:31Z,1
Presidant Donald Trump's. with Bill Gates infra Office Defense Housing Authourites American CIA near make Bhai log no entar.,2022-01-13T13:35:29Z,0
Hi,2022-01-08T20:58:17Z,1
The legend that changed history TRUMP 2024 ğŸ‡ºğŸ‡¸,2022-01-06T20:23:38Z,1
This the moment the timeline started to shift,2021-12-14T16:00:30Z,-1
"The best things he did besides a â€œgoodâ€ economy, is showing that an outsider can win, openly stated that the media is our enemy, facilitated the move of ethnic minorities to the right politically, 
and made it cool for right wingers to be anti-war!  ğŸ‡ºğŸ‡¸ğŸ¦…",2021-12-10T23:44:00Z,1
Benedictdonald the traitor,2021-12-08T11:34:36Z,-1
"Itâ€™s sad that this man was slandered by the media, politicians, and celebrities. Guy only wanted what was best for America. Meanwhile weâ€™re experiencing Obama 2.0, not good and I voted for Obama ğŸ˜”",2021-12-02T01:26:50Z,-1
3:25,2021-11-30T04:01:21Z,0
can't wait for the announcement for the 2024 election!!!,2021-11-29T14:12:17Z,1
Trump  xijinping  tougether  world  two  top leader  okay  god  out  ëŒ€ë„ë“¤ ì‹¹ì“¸ì–´ì—ì–´ë²„ë ¤ ì œê±°ã…¡ì£½ìŒã…¡ok,2021-11-12T20:18:36Z,1
You are the Greatest President we've ever had in this Country.  Make America Great Again .,2021-11-08T23:10:01Z,1
Trump 2024 we are still here!,2021-11-01T17:18:57Z,-1
A,2021-11-01T09:06:56Z,0
this marks a change in the effluence that governs the georythmic frequencies that govern the state of the planet mind. We are tired of the same old BS from the you know who. time to kick things up a notch and see what happens :),2021-10-04T21:08:36Z,0
We Get That Donald Trump Will Run For Obama,2021-10-02T09:42:47Z,0
"Does this mean he's conceding the 2020 election? Because if he won in 2020, as he keeps saying, he's not eligible for election in 2024.",2021-09-26T04:27:49Z,-1
Trash,2021-09-17T05:05:12Z,-1
Nothing but liberal vags everywhere...  Now look at the USA,2021-09-10T14:38:01Z,0
The MSM was focused on goading him the entire time (look up agenda setting theory).,2021-09-08T17:28:00Z,1
go for it donnie,2021-09-01T17:22:01Z,0
"Say what you want about him, but he changed the course of American history...forever",2021-08-05T23:39:13Z,-1
One of the most epic moments in history,2021-08-05T23:38:16Z,0
"look how genuinely interested he was back then.

it certainly was a heck of a downfall",2021-08-04T09:34:41Z,-1
I was in highschool I remember everyone laughed at this and gave him no shot,2021-07-31T13:09:30Z,1
The day the world changed,2021-07-22T21:12:33Z,1
amazing watching this in 2021,2021-07-18T09:41:22Z,1
Lol make America great? He made the USA the laughingstock of the world is what he did!,2021-07-17T12:28:05Z,1
"I hope this doesn't come true, but I have a feeling that future historians will go back to this day as the moment the United States of America began its decline, like all empires throughout history.",2021-07-14T04:48:17Z,-1
Please come back,2021-07-08T18:04:52Z,-1
I can believe some narcissist won over millions just by talking himself up. Greatest con man of all time I guess,2021-07-06T10:43:57Z,1
Are now on the way to winning the next election 2024 we have set up a new platform and things are looking good,2021-07-04T22:12:41Z,1
Love My PresidentğŸ™ğŸ½ğŸ‡ºğŸ‡¸â¤ï¸,2021-07-04T01:08:02Z,1
"Wow, 6 years ago",2021-07-02T19:57:57Z,0
LOSER Donald was a great cheerleader. Problem is this nation needed a L E A D E R ! ! !,2021-06-28T20:46:27Z,0
"when was america great? when gay marriage was illegal, when america was still segregated? when men were allowed to abuse their wives? im genuinely asking when was america great in the first place??",2021-06-19T17:29:05Z,1
ğŸ‘¨â€ğŸ‘©â€ğŸ‘§â€ğŸ‘¦  ğŸ˜·ğŸ˜·ğŸ˜·ğŸ˜·ğŸ˜·ğŸ˜·ğŸ›ğŸ™Œ,2021-06-13T00:11:55Z,0
"LOL, I just finished the book, ""Pelosi"".   Former Guy couldn't negotiate his way out of a paper sack.",2021-06-11T17:26:47Z,1
Try and get biden to make a speach like this,2021-06-10T00:11:28Z,-1
HANG EVERY MILLIONAIRE REPUBLICAN!,2021-06-07T14:39:55Z,1
"Observe the pathological liar, the malignant narcissist, the despicable racist loser.",2021-06-07T13:51:43Z,0
You ran and put our country and the world  in a demise that has never been seen before.,2021-06-05T02:08:34Z,-1
The media really fooled lots of Americans to make them believe this man was a horrible president,2021-06-02T07:44:52Z,-1
"Best president.
Biden failed at the border, pipeline, possibly inflation.",2021-05-27T06:13:45Z,1
"3:28
Why are you running?
WHY ARE YOU RUNNING!?",2021-05-22T10:52:06Z,0
Better than Clinton and Biden any day,2021-05-03T18:22:41Z,1
"I remember watching this speech in 2015 with abject horror. I told everyone who bothered to bring it up: Donald Trump is going to win the election. He is tapping into the nerve of America and no one else is even close to understanding the threat he poses. It is now 6 years, 2 impeachments, and 1 coup attempt later. I was right. And I hate it.",2021-04-29T09:53:41Z,-1
love trump country from lebanon,2021-04-28T20:22:49Z,1
2024,2021-04-22T13:37:47Z,0
"He's been the best US president in recent US history. Sadly, the average american has been fooled by democrats propaganda. Hope for 2024. Love you Mr. President.",2021-04-18T06:09:16Z,-1
"Trump: ""He's like a negative force
Also Trump: ""It's (U.S) like a third world country. 
So much for ""positive cheerleading... haha",2021-04-16T04:58:44Z,1
Heâ€™s so rude,2021-04-06T21:39:58Z,-1
029 125,2021-04-06T10:45:59Z,0
"His body language always gets me. His occasional point, the outstretch of arms when he speaks of himself lol",2021-04-02T19:37:40Z,1
"i won't forget i ve seen the best president ever 
ty Mr Trump",2021-03-31T15:52:30Z,1
Wow I think this guy could win,2021-03-29T04:56:00Z,0
Best president ever! I seriously donâ€™t know what he did that people didnâ€™t like besides tweets,2021-03-29T01:04:29Z,1
The best man our country has seen in the past century.,2021-03-28T05:01:09Z,1
"he's sick, nobody wants a stupid liar, no matter what he says
he will lie after lie he is poison .",2021-03-26T16:45:25Z,-1
Top 10 photos taken before disaster,2021-03-26T15:53:33Z,-1
I hope he finds the emptiness inside him can be healed. Accountability and responsibility is not his cross to bear alone.,2021-03-22T15:23:10Z,-1
"0:18 
0:51
2:52
 3:21",2021-03-19T23:53:34Z,0
everything that came out of his mouth in this vid is so true,2021-03-19T18:41:35Z,-1
This did not age well,2021-03-18T06:12:01Z,-1
Trump 2024!!,2021-03-18T02:45:49Z,1
I miss president Trump. Way better than the walking corpse that occupies the white house now.,2021-03-14T23:02:41Z,-1
ğŸ‡ºğŸ‡¸ğŸ‡ºğŸ‡¸ğŸ‡ºğŸ‡¸ğŸ‡ºğŸ‡¸ğŸ‡ºğŸ‡¸ğŸ‡ºğŸ‡¸ğŸ‡ºğŸ‡¸ğŸ‡ºğŸ‡¸ğŸ‡ºğŸ‡¸ğŸ‡ºğŸ‡¸ğŸ‡ºğŸ‡¸ğŸ‡ºğŸ‡¸ğŸ‡ºğŸ‡¸ğŸ‡ºğŸ‡¸ğŸ‡ºğŸ‡¸ğŸ‡ºğŸ‡¸ğŸ‡ºğŸ‡¸ğŸ‡ºğŸ‡¸ğŸ‡ºğŸ‡¸ğŸ‡ºğŸ‡¸ğŸ‡ºğŸ‡¸ğŸ‡ºğŸ‡¸ğŸ‡ºğŸ‡¸ğŸ‡ºğŸ‡¸ğŸ‡ºğŸ‡¸ğŸ‡ºğŸ‡¸ğŸ‡ºğŸ‡¸ğŸ‡ºğŸ‡¸ğŸ‡ºğŸ‡¸ğŸ‡ºğŸ‡¸ğŸ‡ºğŸ‡¸ğŸ‡ºğŸ‡¸ğŸ‡ºğŸ‡¸ğŸ‡ºğŸ‡¸ğŸ‡ºğŸ‡¸ğŸ‡ºğŸ‡¸â¤â¤â¤â¤â¤â¤â¤â¤â¤â¤â¤â¤â¤â¤â¤â¤â¤â¤â¤â¤â¤â¤â¤â¤â¤â¤â¤â¤â¤â¤â¤â¤â¤â¤â¤â¤ğŸ‘ªğŸ‘ªğŸ‘ªğŸ‘ªğŸ‘ªğŸ‘ªğŸ‘ªğŸ‘ªğŸ‘ªğŸ‘ªğŸ‘ªğŸ‘ªğŸ‘ªğŸ‘ªğŸ‘ªğŸ‘ªğŸ‘ªğŸ‘ªğŸ‘ªğŸ‘ªğŸ‘ªğŸ‘ªğŸ‘ªğŸ‘ªğŸ‘ªğŸ‘ªğŸ‘ªğŸ‘ªğŸ‘ªğŸ‘ªğŸ‘ªğŸ‘ªğŸ‘ªğŸ‘ªğŸ‘ªğŸ‘ªhi,2021-03-09T01:26:37Z,0
POV: you watching this in 2021,2021-03-04T14:43:27Z,1
The end of the cabal began here.  God bless him.  He's truly the god emperor.,2021-03-02T23:13:53Z,1
"Donâ€™t think heâ€™ll do well but if he does I itâ€™ll go something likes this: 

-is behind in the polls by a lot to Hillary 
-wins to everyoneâ€™s shock
-builds a fantastic economy 
-get slandered by the media for 4 years straight

-get impeached  
-be the president during a worldwide pandemic 
-lose to the previous Vice President 
-claim voter fraud 
-potentially cause one of the biggest riots in American history (depending on who you ask)
-get impeached again
-donâ€™t attend the inauguration 
-run again 

Just a guess tho, no way all that could happen in 5 years",2021-03-01T08:18:23Z,-1
"Trump won because Media and Democrats thought it was gonna be impossible for him, in 2020 of course the democrats and Media did their (dirty) workğŸ˜‚ğŸ˜‚ğŸ˜‚so progressive",2021-02-28T03:49:06Z,1
Love you Trump!,2021-02-28T02:56:41Z,1
3:27,2021-02-26T03:11:21Z,0
Nothing but a joke of a Christian and racist white supremacist along with all his followers.,2021-02-24T04:31:39Z,1
and he did all that and more!!!,2021-02-18T00:02:24Z,0
He knew then and he knows now. Deep state is going down along with CCP,2021-02-17T13:39:11Z,1
Yes!,2021-02-15T22:56:27Z,1
Please come back in 2024,2021-02-15T14:09:36Z,-1
"*Message from the future here in 2021*

This guy tries to overthrow the government because he lost the election and failed to secure a second term.

Oh, and he sat on his hands or went golfing while over 400,000 Americans died during a deadly pandemic.

We warned you not to elect him.",2021-02-08T23:57:25Z,-1
"U r still the president of ğŸ‡ºğŸ‡¸, God bless u Mr. President, 2021 from ğŸ‡®ğŸ‡¶",2021-02-05T13:47:30Z,1
a pack of lies,2021-02-05T09:16:47Z,-1
"he lowered taxes, jobs came back, factories opened, wages increased for minorities. he did all of that he was great",2021-02-04T15:53:34Z,-1
back when he didnt have his spray on tan. wooow,2021-02-03T15:07:07Z,-1
A great president,2021-02-03T05:26:13Z,1
The only man who stood a chance to make america great again. President  Trump you will forever be known as the best president the USA have ever had.,2021-02-02T01:47:34Z,-1
When the worst president in United States history announced he was running for president this day changed politics and the country for the worse 2017-2021 will not be a good time for the history books,2021-02-01T19:17:52Z,-1
"At that moment, the world would change forever...",2021-02-01T17:47:25Z,0
Started here nd ended with Rudy Giuliani screaming like Benson from The Regular Show in the middle of the parking lot of a landscaping company,2021-01-29T00:37:51Z,1
And you go down as the worst president in history.,2021-01-25T16:57:19Z,-1
Iâ€™m gonna miss this guy,2021-01-25T04:10:40Z,-1
"Best administration of my lifetime, Iâ€™ll never forget your serviceâ¤ï¸ğŸ‡ºğŸ‡¸",2021-01-22T08:55:56Z,0
I miss him already,2021-01-22T01:35:42Z,-1
Who is watching 2021?,2021-01-21T22:50:50Z,1
Thank you Trump for serving the American People !!!! You will be missed :( .,2021-01-21T19:53:13Z,1
3:28 most iconic moment in political history. Heâ€™ll be back,2021-01-21T07:15:06Z,1
I'm so glad trump ran. Most amazing president,2021-01-21T03:34:26Z,1
Amazing. The good old days,2021-01-21T01:02:21Z,1
Best president ever! I wish it wasnâ€™t stolen.,2021-01-20T22:40:32Z,-1
"Anyone watching after his final day in office? What a ride itâ€™s been, thankful for the amazing four years! cheers to higher taxes under Biden!",2021-01-20T20:54:55Z,1
"Thank you for it all. The greatest President in my lifetime. Itâ€™s so scary and sad what theyâ€™ll do to outsiders. We adore you, President Trump â¤ï¸",2021-01-20T13:06:43Z,-1
Thank you President Donald Trump for being America President Of The United State ğŸ‡ºğŸ‡¸ğŸ™â¤ï¸!,2021-01-20T11:37:30Z,1
I'm more excited by watching this speech today than I am about Kamala Harris becoming President.,2021-01-20T11:23:25Z,1
Best President Ever â™¥ï¸,2021-01-20T05:18:29Z,1
"Whoâ€™s here January 19, 2021?",2021-01-20T02:31:42Z,-1
Best 4 years of my life god bless you Donald,2021-01-20T00:59:55Z,1
Who is watching this on the last day of Trump's presidency? Trump  has truly been the man of the half-decade.,2021-01-19T20:22:56Z,1
"Five-and-a-half years of this man being the center of our focus, now coming to a gradual end. Surreal.",2021-01-19T16:51:17Z,1
And today is the last day of his presidency.  Historic.  First president to be impeached twice.  Approval rating is 26% and falling.  The first president to incite a coup.  From this speech to now is the longest 5 years of my life,2021-01-19T15:29:14Z,1
Just listen carefully to what he's saying it's clear as day.,2021-01-19T05:38:52Z,1
"If it wasn't for the racial rhetoric and sheer unprofessionalism, I think he might have made at least an average president. Too bad he went to the dark route....",2021-01-18T02:30:48Z,-1
"TRUMP BLESS AMERICA

IN TRUMP I TRUST",2021-01-16T21:53:08Z,1
5 years later he tries to coup the US and gets his second impeachment.,2021-01-16T06:06:55Z,0
"January 15, 2020, WOW!!!! DON'T WORRY, THE SMARTEST PRESIDENT, OBAMA IS SPIRITED AND RELISHING IN THIS MOMENT...ONE TERMED FOOL!!!",2021-01-15T18:39:19Z,1
3:27 for everyone,2021-01-15T07:35:55Z,1
Lets just forget this happened,2021-01-13T02:50:48Z,-1
"It's 5 years later, and Trump's legacy is a delusional terror cult.",2021-01-13T00:29:37Z,1
And these same clowns said he wouldn't do it ahaha,2021-01-12T02:10:14Z,0
"Anyone else watching after he incited a riot on the government because he lost his re-election lol

Edit: so much for Making America Great Again right?? ğŸ¤¦ğŸ½â€â™‚ï¸",2021-01-12T00:18:57Z,-1
Trump 2020 he won.,2021-01-11T15:59:35Z,1
I love MY President!!!!,2021-01-11T06:55:14Z,1
And that is how America's nearly six year long nightmare began.,2021-01-11T02:00:44Z,-1
"im from the future, its Jan 10th 2021...trump lost re-election and incited violence on the capital...he has been spreading lies and disinformation about election fraud every minute of the day on twitter for 2 months....he is facing a 2nd impeachment on monday....",2021-01-10T23:41:40Z,-1
This man nearly destroyed this country. Thank goodness he was voted out. Good riddance!!!,2021-01-10T20:38:39Z,1
Who's here after he lost and post capital hill drama? ğŸ˜¥,2021-01-10T18:51:24Z,-1
They all laughed and he took 4 years of our lives,2021-01-10T06:47:48Z,1
And this is the day... the Deep State was F*CKED ;),2021-01-10T05:27:57Z,-1
Whos here after the congress attack?,2021-01-09T10:14:23Z,1
This is a message from the future ..we are calling from 2021..Do not take this guy seriously I repeat do not take this guy seriously ..it will be a certified disaster.,2021-01-09T07:48:00Z,1
This reality show ended on January 6.,2021-01-09T02:39:17Z,-1
"Who knew heâ€™d go out with a coup on the Capitol? Terrible â€œPresidentâ€, sore loser",2021-01-08T08:56:31Z,-1
This is interesting to watch given current events........ 08/01/21,2021-01-08T01:00:38Z,1
"Almost 6 years further people, can you believe it. This man changed my view on politics. I will never ever forget this man.",2021-01-08T00:51:14Z,0
"I remember the stir this speech made, the media coverage, and the lost business ties. I canâ€™t believe itâ€™s been about 5 and a half years.",2021-01-07T05:19:21Z,-1
FAILED,2020-12-26T06:05:51Z,-1
ğŸ‡ºğŸ‡¸ğŸ‡ºğŸ‡¸ğŸ‡ºğŸ‡¸,2020-12-25T13:44:36Z,0
american history,2020-12-24T20:29:08Z,0
This where doomsday started,2020-12-24T18:46:34Z,-1
well this aged like milk in a wool carpet.,2020-12-22T21:42:18Z,-1
lol u should see trump's face after he lost,2020-12-21T16:05:43Z,0
You can hear a scream of terror at 3:29,2020-12-21T15:03:13Z,1
The moment America became the stupidest and dumbest nation ever,2020-12-18T14:51:19Z,-1
"There's a definite cognitive decline between this speech and what he is now.

Not as bad as Biden, but it's still pretty bad.",2020-12-17T22:47:03Z,-1
And so the magic of Kek started,2020-12-16T18:01:00Z,1
Iâ€™m Making An Announcement Iâ€™m  coming back from the dead to run for president in 2024 With A Coke Can As My VP And I Think I can Beat This Man. Spread the word!,2020-12-11T23:10:00Z,1
Time flies,2020-12-09T05:22:39Z,1
"Oh my sweet LORD, I thank you that Trump is no more.",2020-12-08T22:06:53Z,1
"As much as I hate him, how can you look at this and still be surprised he won",2020-12-07T20:17:47Z,-1
"Trump: we need someone to make America great again

Me: yeah joe biden",2020-12-05T15:06:36Z,1
"Trump is the rain on the lawn that made all the worms rise to the surface, visible for everyone to see.",2020-12-02T11:00:17Z,-1
this was the worst moment in us history... EVER,2020-12-01T06:12:36Z,-1
This is such a historical moment. Itâ€™s going down into the history book,2020-11-30T20:20:09Z,1
"Towards Victory, Trump of God, Americans and Brazilians for Good! ClÃ©verton from Brasil.",2020-11-27T20:06:17Z,1
The Good People Love Donald Trump and Bolsonaro! ClÃ©verton do Brasil.,2020-11-27T20:03:30Z,1
"God is with You, Our Beloved President.",2020-11-27T20:01:50Z,-1
God Bless Donald Trump Our President.  ClÃ©verton do BRASIL.,2020-11-27T19:57:11Z,1
Who is watching after Biden won?,2020-11-27T00:32:26Z,1
Glad that's over......what a loser.,2020-11-25T21:49:28Z,1
And the rest is history... now get him out of the White House and into a prison,2020-11-24T18:09:07Z,-1
"He's sexist and racist and a lier im saying that even though 
I'm from the UK .",2020-11-22T08:51:29Z,-1
Canâ€™t wait to see you in Federal court for infamous behavior as president the world wonâ€™t forget your crimes.,2020-11-21T07:37:18Z,0
Well that didnâ€™t last long lol...,2020-11-21T03:12:28Z,1
Who is here after Biden won?,2020-11-20T13:29:59Z,1
"I'm going to use this as my class president speech wish me luck!






I will change some phrases and words",2020-11-19T22:01:21Z,1
"Iâ€™m confused, so if he announced heâ€™s running in this speech, what was the original purpose of the speech?",2020-11-17T16:09:48Z,-1
the fact that this was recommended to me after he lost 2020 is kinda funny.,2020-11-16T21:32:03Z,1
Is it great now?,2020-11-16T15:05:23Z,1
"Lol this guy has no chance..



....",2020-11-16T14:28:49Z,1
"And here we are, able to conclude that this has been the worst president of the US in history.
The country has never been more polarized and more divided than it is today all thanks to Trump.
Good job, man.",2020-11-16T14:05:26Z,1
This was so funny at the time.,2020-11-16T13:00:20Z,1
"Worst. Day. Ever.

It's been 5 long years of chaos and disorganization. Thank God that it was His will to have trump only complete one term.",2020-11-15T15:32:26Z,-1
And this my friends was the beginning of the end of the  republic.,2020-11-15T09:17:45Z,-1
â¤ï¸ğŸ™,2020-11-15T05:48:15Z,0
This 2016 election stuff never gets old ğŸ‡ºğŸ‡¸ğŸ‡ºğŸ‡¸,2020-11-15T04:12:54Z,-1
Soooo soo sad that in 2020 people have totally forgotten how great trump actually is and just believe everything the liberal media throws at them,2020-11-15T02:39:32Z,-1
"God, I am absolutely...




not going to miss him at all in any way, shape or form",2020-11-14T21:25:02Z,-1
I am so glad this whole botched experiment is over now,2020-11-14T16:01:03Z,1
The day America died,2020-11-14T15:58:45Z,-1
Crazy to see the start when the end is just around the corner,2020-11-14T05:54:49Z,1
He ages really well,2020-11-14T00:54:53Z,-1
And now he lost to Biden lol,2020-11-13T15:17:14Z,-1
"""Donald Trump? The reality TV star?""",2020-11-13T07:27:54Z,0
Best decision America made,2020-11-13T05:01:45Z,1
This is a moment of history,2020-11-13T04:03:30Z,-1
"Say what you want about him, he gave us a wild ride",2020-11-13T02:54:03Z,0
"RIP Trump
2015-2020",2020-11-12T20:54:36Z,-1
MAGA 2020,2020-11-12T20:23:42Z,1
And the world went Dank....,2020-11-12T17:05:29Z,1
"I thought this said ""resignation""",2020-11-12T15:13:16Z,-1
"I remember hoping heâ€™d win the nomination because I thought heâ€™d be easy to beat,  ow Iâ€™m praying heâ€™ll give up power even though heâ€™s lost the election",2020-11-12T13:42:34Z,-1
Is it just me or did he get fatter these last four years? What did they feel him at the White House?,2020-11-12T06:55:52Z,-1
"#AmericaFirst trump fought for us when nobody else would. Itâ€™s not time to turn our backs on him. This fight isnâ€™t over! And win or lose, thank you president trump for 4 great years.",2020-11-12T06:03:07Z,0
So when was he going to start taking care of veterans,2020-11-12T05:21:47Z,1
The start of an epic,2020-11-12T03:10:11Z,1
3:22,2020-11-11T21:09:13Z,0
What a wild ride,2020-11-11T20:35:28Z,1
Trumpâ€™s the only president in a while that actually put America first,2020-11-11T18:00:30Z,1
who else just randomly got recommended this,2020-11-11T17:55:31Z,1
"""They're controlled by the lobbyist"" ironically enough, when he replaced Obama he also replaced a good portion of members of government agencies such as the USEPA (United States Environmental Protection Agency) with lobbyist of the carbon and the oil industry instead of scientists",2020-11-11T17:18:28Z,1
The co writer for art of the deal says the book is strictly fiction,2020-11-11T15:44:21Z,1
Well he had me in the first term....then he became president....and I realized i made the right decision sadly cause it was either him or hilary,2020-11-11T12:37:42Z,-1
he didn't even maga smh good thing he got voted out,2020-11-11T06:11:30Z,-1
Can wait in 10 more years when this gets recommended to me.,2020-11-11T01:58:44Z,1
Trump 2020,2020-11-11T00:26:42Z,1
"So United States is a brand!?? 
Interesting...",2020-11-11T00:21:01Z,1
"Ahhh, the humility, the modesty. The greatest humility and modesty ever displayed by any human in the history of the world. It's true.",2020-11-10T23:33:26Z,1
The beginning of the downward spiral...,2020-11-10T22:41:01Z,1
Jesus loves you spread the word.,2020-11-10T20:31:03Z,1
I reckon he could win,2020-11-10T18:53:01Z,0
It was at this moment we all knew...we f*cked up.,2020-11-10T17:20:05Z,-1
Can't believe so many morons thought he'd make a good president smh,2020-11-10T16:06:35Z,-1
He actually sounded somewhat sane here. 4 years later and he can barely put a sentence together.,2020-11-10T10:22:26Z,1
Trump may go down as the most remembered one term president of all time lol,2020-11-10T09:19:08Z,1
Trump 2020 ğŸ‡ºğŸ‡¸ The dream still lives on!,2020-11-10T02:24:44Z,-1
Man I hope someday the left realize that this man was the best thing we couldâ€™ve had for the country. Thank you Trump for putting America first for the short time it lasted!!!,2020-11-09T23:29:30Z,0
Trump will win in court,2020-11-09T22:00:21Z,0
Trump will remain in office,2020-11-09T21:59:57Z,-1
Talk about one of the worst moments in American history. So glad Biden will take his place!,2020-11-09T21:50:30Z,1
"Don't be sad because it's over, be glad it happened.",2020-11-09T21:49:10Z,-1
Itâ€™s just so amazing that when he says â€œwe need a leader that did...â€ he did absolutely none of the things listed. He did not write the art of the deal. Fat burger orangutan man paid another man to do that.,2020-11-09T13:25:42Z,0
Fortunately this nightmare is over,2020-11-09T11:22:08Z,-1
1 term Donny bites the dust. ğŸ˜,2020-11-09T11:12:58Z,-1
He'll go down as one of the best president of the United States because he truly cared about this country. He could have left and lived his life a rich man and instead did what he thought was right to help people. All he go in turn and his supporters got was hate,2020-11-09T06:04:53Z,-1
"As a Canadian, I will certainly remember the Trump presidency by the memes.",2020-11-09T05:16:13Z,1
"Trump 2020!!




Is an expired date
Just kick this big fat pumpkin out of the White House",2020-11-09T03:48:35Z,-1
ğŸ‘‹,2020-11-09T03:42:09Z,0
hey trump YOUR FIRED,2020-11-09T02:47:21Z,1
"From here, to the parking lot of a landscaping company. I love it.",2020-11-09T01:13:21Z,1
Yâ€™all everybody was shook when this happened,2020-11-09T00:38:44Z,-1
"We just lost the only thing stopping communist pigs such as Joe Biden and Kamala Harris from destroying our country. Without him, I fear our country is in danger of turning into Soviet Russia or Nazi Germany.",2020-11-08T23:20:01Z,-1
"Isn't it funny that Democrats and their supporters believed this man stole the 2016 election from Clinton with the help of Russia? There was no evidence discovered back then and the accusations were never based on any kind of it. 
   And yet, today the same exact people actualy think that the 2020 elections were won fair and square by Joe Biden, even though there have been tons of reports by peole (reports usually are BASED on evidence) about the problematic counting system that could easily lead to the present electoral result by fraud. 
   Trump may not have been a great President. Like all of his previous ancestors, he made many mistakes. But if there's anybody who believes that most of his decisions came without proper thought, he truly is brainwashed by the media and its cellebrities, who did nothing for the past 4 years but always falsely accusing, perhaps one of the most tallented Presidents the US had in the past 30 years. He was hated because he was not a politician, there is no other reason behind that and you cannot deny it. Shame on you.",2020-11-08T22:49:37Z,-1
Whoâ€™s watching after he got impeached and has lost the re-election,2020-11-08T18:00:46Z,-1
"discussions were being had in the White House over who should ""bring the president to terms with reality,"" suggesting Kushner as well asÂ Ivanka Trump, the president's daughter and also an adviser, were being considered as the person to do so.
Goodbye Rudy Giuliani
Good bye Steve Mnuchin.  Goodbye jared
Goodbye Betsy duvoss
Goodbye Mike pompeo
Goodbye doctor Ben Carson
Goodbye Ivanka
Goodbye chad wolf
Goodbye Melania
Goodbye Stevie Miller
Goodbye bill Barr
Goodbye Mike Pence.",2020-11-08T16:18:21Z,1
This hasn't aged well. xD,2020-11-08T16:17:45Z,1
It sucks he lost in 2020 but I can definitely see how he won in 2016. His major problem was being too divisive.,2020-11-08T15:10:50Z,-1
this was the biggest bruh moment in history of mankind,2020-11-08T14:36:08Z,-1
This man accomplished everything he sought out to do in this speech,2020-11-08T13:23:50Z,1
And he's gone.,2020-11-08T13:04:47Z,-1
Trump 2024 mark my words!,2020-11-08T12:57:27Z,1
The end.,2020-11-08T10:55:42Z,-1
goodbye donald,2020-11-08T09:51:35Z,-1
Whos watching after trump took an L !!!!,2020-11-08T09:43:45Z,1
what a meme,2020-11-08T09:03:43Z,1
Where it all started....,2020-11-08T08:10:53Z,0
2020 anyone? Iâ€™m here because Donald Trump lost to Joe Biden and boy I predicted he was going to lose.,2020-11-08T06:42:28Z,-1
BIG OOF,2020-11-08T05:39:12Z,-1
Who got this in their recommended after Biden got elected?,2020-11-08T03:18:59Z,1
Who's watching after he lost his 2nd term,2020-11-08T03:12:57Z,-1
Completely incoherent,2020-11-08T02:41:19Z,1
I love you Trump,2020-11-08T02:27:55Z,1
This aged well...,2020-11-08T02:25:57Z,-1
The nightmare is finally over,2020-11-08T02:09:14Z,-1
this didnt age well,2020-11-08T01:38:05Z,-1
Bye donald!,2020-11-08T01:36:35Z,-1
Heâ€™s going to run in 2024,2020-11-08T01:35:56Z,1
Not since 92 have we had a ONE term president. You made a great cheerleader but not president.,2020-11-08T01:23:47Z,1
BYE Felicia,2020-11-08T01:18:00Z,1
It started here. It ended with Rudy Giuliani screaming like a madman at the parking place of a landscape company that they acidentally booked.,2020-11-08T00:57:24Z,0
Who's here after Trump lost the election. Boy what a ride its been.,2020-11-08T00:34:43Z,-1
BUH BYE,2020-11-08T00:26:24Z,0
I donâ€™t know if I had actually watched the raw footage before,2020-11-08T00:12:38Z,-1
The man actually did it.,2020-11-08T00:07:52Z,0
Itâ€™s finally over,2020-11-08T00:05:42Z,1
He looks young,2020-11-08T00:04:18Z,0
Who's here after the Trump LOST and is now crying like a baby on Twitter...,2020-11-07T23:49:44Z,-1
AND NOW HE LEAVS,2020-11-07T23:49:28Z,-1
it should have ended right there,2020-11-07T23:34:02Z,-1
This didnt age well.,2020-11-07T23:28:27Z,-1
And now itâ€™s over,2020-11-07T23:23:56Z,1
Itâ€™s over,2020-11-07T23:22:09Z,1
WATCHING THIS RIGHT NOW AS HE LOST!!!!!  GOOD RIDDANCE. YOURE OUT ORANGE PEEL.,2020-11-07T23:10:38Z,-1
Garbage ğŸ—‘ 750 dollars ğŸ’µ tax cut president criminal grab him by the jail,2020-11-07T23:03:49Z,-1
Who is watching this as soon as Biden won,2020-11-07T23:01:34Z,1
And so it ends,2020-11-07T22:59:10Z,-1
bye Trump,2020-11-07T22:57:23Z,0
UR RIGHT AMERICA IS NOT GREAT UNDER U U PUT US AS A LAUGHINGSTOCK OF THE WORLD CLOWN!!!! IM GLAD HE AINT GETTING ANOTHER TERM AND THE PPL WHO ARE FOR HIM WELL THEY GOT NO BRAIN CELLS OBVIOUSLY EITHER NOW BUH BYE,2020-11-07T22:52:15Z,1
Wow u lost,2020-11-07T22:19:04Z,-1
And now it is all over,2020-11-07T22:19:02Z,0
Well it's all over.,2020-11-07T22:01:41Z,0
this is a great speech,2020-11-07T21:55:59Z,1
Anyone here after the lost ?,2020-11-07T21:44:34Z,-1
Trump you lost. You're a one term president.,2020-11-07T21:34:53Z,-1
Whoâ€™s watching after Biden won,2020-11-07T20:39:31Z,1
Who's watching the day he lost against Biden?,2020-11-07T20:21:54Z,-1
whoâ€™s watching after trump lost,2020-11-07T19:40:58Z,-1
Biden wins 2020 election?,2020-11-07T19:26:34Z,1
Who's here after Joe kicking him out of the office,2020-11-07T19:09:06Z,-1
Whoâ€™s watching this after Trump got defeated in 2020,2020-11-07T19:03:52Z,0
Whoâ€™s here after Trump losing the election becoming a one term president,2020-11-07T18:52:32Z,-1
"5 years of lies, Bye Bunker Boy",2020-11-07T18:47:21Z,-1
Itâ€™s officially the end of the road for him...,2020-11-07T18:31:34Z,1
Wow ok,2020-11-07T18:15:18Z,1
The start of the end,2020-11-07T17:43:38Z,-1
Bi den âœŒï¸,2020-11-07T17:33:47Z,1
5 years ago that led to the fall,2020-11-07T14:45:44Z,-1
Lying through his teeth from day 1,2020-11-07T14:38:30Z,-1
Wow i was 17 at the time...,2020-11-07T09:17:23Z,1
One of the worst presidents in the history of this nation.,2020-11-07T08:28:55Z,-1
Biden is leading,2020-11-07T06:06:48Z,1
"Its over 

The end of this nightmare",2020-11-07T06:03:43Z,-1
Well thank God Biden knocked him out .. so annoying,2020-11-07T05:52:10Z,1
3:23  Chapter 45 the COVID era,2020-11-07T05:49:37Z,-1
Trump se la peleishon!,2020-11-07T05:48:49Z,0
why is this recommended to me now?!,2020-11-07T05:40:32Z,1
"spread this video around to troll trump voters  ;)

https://youtu.be/1bWc3pzv3qY",2020-11-07T05:01:02Z,1
And the rest was history,2020-11-07T04:52:10Z,-1
Ah so this was the day that liberals and the media truly lost their minds. I'm very pessimistic about the future of our country but I hope I'm wrong in saying it doesn't look good.,2020-11-07T04:51:33Z,0
"Deplorables = Demons
Glad he's gone
Thank God ğŸ™",2020-11-07T04:17:48Z,1
"200,000+ Americans are dead. There are riots in the street. There are more investigations and scandals than I can count. He's been impeached. And he's just lost the 2020 election. He sure did make it great again...",2020-11-07T00:20:23Z,1
And now heâ€™s losing,2020-11-06T21:48:07Z,-1
WE LOVE YOU â¤ï¸â¤ï¸â¤ï¸,2020-11-06T21:11:36Z,1
"Love or hate Trump, you canâ€™t say that he didnâ€™t at least make an effort and try and that he actually loved his country and wanted to make it better for everyone. It wasnâ€™t about race or gender, it was about putting America first which a lot of presidents before him had forgotten to do a lot of times.",2020-11-06T21:07:45Z,0
Oil companies control Trump.,2020-11-06T17:42:17Z,0
And so it began...,2020-11-06T13:17:31Z,0
2020 election not looking good for us right now. Man we took this man for granted. I hope we can pull through this.,2020-11-06T13:01:37Z,-1
Back when he had pride.,2020-11-06T09:09:57Z,1
"Awesome, he's just about to lose.",2020-11-06T08:07:33Z,-1
"""Surely, you can't be serious.""",2020-11-06T07:22:50Z,-1
The beginning of the darkest time in American history,2020-11-06T06:53:06Z,1
"We have finally gone full circle, hope he has his bags packed :P",2020-11-06T04:06:58Z,-1
wow.,2020-11-06T00:08:36Z,1
He just admitted that Obama looked like a very charismatic character at first. Nothing speaks volumes of human quality than admiring certain traits of your opponent.,2020-11-05T23:37:28Z,1
"Promises Made, Promises Kept !!!",2020-11-05T22:02:20Z,0
2020 baby,2020-11-05T07:59:43Z,1
I like Presidents who serve two terms,2020-11-04T22:57:52Z,1
What a great president!,2020-11-04T21:24:29Z,1
This is where season 1 episode 1 started,2020-11-04T21:10:09Z,-1
Whos watching after trump lost?,2020-11-04T21:01:58Z,0
Why does the video quality look like this video was from the 90s ?,2020-11-04T11:10:27Z,1
"nobody and I meant nobody thought that He would win that election. I was shocked when he won, my school was, the entire country even the people who voted for him were shocked that he actually won.",2020-11-04T06:53:11Z,-1
Beautiful speech,2020-11-04T06:45:44Z,1
"Who's watching this November 3, the day of the 2020 election?",2020-11-04T01:57:30Z,1
"Love him or hate him, he has stuck by every campaign promise.",2020-11-03T18:42:32Z,-1
ICONICğŸ‡ºğŸ‡¸,2020-11-03T15:49:23Z,0
Who is watching on election day 2020?,2020-11-03T08:47:22Z,1
Wow and Iâ€™m here watching this in the 2020 election,2020-11-03T07:20:39Z,1
Oh man tomorrow is Election Day! FOUR MORE YEARS!,2020-11-02T20:39:04Z,-1
Whoâ€™s watching a day before the 2020 election,2020-11-02T17:47:30Z,1
"A pure media stunt that crawled, scratched to a 2016 loss by millions in the general population election vote and inched across to victory by 80,000 spread over michigan Wisconsin ohio Pennsylvania.. Mr trump never had a mandate of any kind! The ""people's pres?? Get real!",2020-11-02T13:37:16Z,0
Trump2020 ğŸ‡ºğŸ‡¸ğŸ’ª,2020-11-02T07:37:45Z,0
All you Trump haters should be ashamed of yourselves. This guy has proven to be a legend,2020-11-02T04:34:23Z,-1
"I'm not a supporter of Trump but I must say, this announcement is very good. It gives you a sense of confidence and truth. Almost makes me want to support him. Almost...",2020-11-02T02:51:14Z,1
"Watch this and you will understand everything you need to know about the state of the America. It's not a country, it's a brand.",2020-11-01T18:07:55Z,0
Wonder what the guyâ€™s up to nowadays...,2020-10-31T20:18:14Z,0
OBAMA WAS THE DIVIDER IN CHIEF,2020-10-31T18:16:25Z,1
oh my,2020-10-31T16:30:00Z,-1
Everyone laughed at him and he won a landslide.  This guy is a win addict!!,2020-10-31T09:17:26Z,1
Latinos for Trump ! Trump 2020!! ğŸ‡ºğŸ‡¸,2020-10-31T06:57:55Z,1
"I am from the future Donald Trump will
win the election on November 3rd",2020-10-31T00:21:35Z,1
Who's here after Trump got re-elected?,2020-10-30T19:59:17Z,1
it's like all those caricatures of presidents we see depicted in (dystopian) movies and television.,2020-10-29T18:46:45Z,1
"ğŸ”¥ğŸ”¥ğŸ”¥
Donald J Trump the Legend",2020-10-29T18:00:17Z,1
"Obama a negative force? he was more like plain non-force, and indeed as Trump remarked, he had been impressive during the campaign in 2007-2008, but that quickly vanished after he actually took office. the one baffling thing is how the media keeps portraying him as some superhero even now in 2020, forgetting that the guy they so much hate, namely Trump, was indeed elected because of Obama's inability to deliver. and internationally, in Germany at least, he is viewed very favorably after doing very little while Trump is viewed quite negatively to say the least after doing more than just a little bit for international peace.",2020-10-29T16:32:21Z,1
"This guy is crazy, heâ€™s going to lose",2020-10-29T12:08:35Z,-1
The day America changed forever,2020-10-28T01:32:30Z,0
"Had to come back to archive this event into my time machine database as one of ""The Greatest Moments""",2020-10-27T07:06:26Z,0
"THIS IS NO PLACE FOR SOCIALISM,
VOTE TRUMP FOR PRESIDENT 2020!",2020-10-26T05:24:27Z,1
ğŸ‡ºğŸ‡¸TRUMP 2020 ğŸ‡ºğŸ‡¸,2020-10-26T01:38:11Z,0
TRUMP 2020,2020-10-25T13:22:58Z,1
And so it began...,2020-10-24T06:14:24Z,0
is it over yet?,2020-10-24T02:53:10Z,-1
Im from the future and Spoiler alert He wins!!!,2020-10-23T12:43:45Z,1
Any latinos for trump here???,2020-10-20T04:58:56Z,1
Trump 2020,2020-10-19T06:24:21Z,1
Trump 2020 4 more years,2020-10-19T02:49:01Z,0
Trump2020,2020-10-18T12:19:02Z,0
3:27 â€œWhy are you running? WHY are you runningâ€,2020-10-18T01:44:28Z,0
"â€Our country needs a great leader and bla bla bla phenomenal, bla bla bla and strong bla bla bla. Probably the most narcissistic person alive today lol. Do the right choice this election, who knows what he is gonna do if he gets four more years. Well, that time he wouldnâ€™t get to worry about how people vote etc because he canâ€™t be elected more than eight years. This will obviously make him capable of doing lots of more damage. Just think about that.",2020-10-17T22:27:46Z,1
"Must be fun scrolling down to read the ""this must be a joke"" and ""you will never ever become president"" comments.",2020-10-16T10:39:21Z,1
Top 10 events before disaster,2020-10-15T19:34:33Z,0
Did he just call American a brand like it's a product that he wants to own??ğŸ˜‚ğŸ˜‚,2020-10-15T19:33:17Z,1
I canâ€™t wait to hear his acceptance speech for his second term! #Trump2020 Iâ€™m also sure he pointed up to God! I never noticed that before! Awesome!,2020-10-15T04:39:02Z,1
Truly Historic moment.,2020-10-14T04:21:45Z,1
I was surprised when Trump won. Guess that I've been brainwashed by the mainstream media. Now I believe that Trump will do it again. The Dems have no one good to counter Trump.,2020-10-13T08:12:09Z,1
Not even constitutional for him to run for president. Money sure does rule the world.,2020-10-12T18:38:23Z,1
So whats the status 5 years later - is it great again ??,2020-10-12T00:04:12Z,1
"He was lying then, and still lying today,  most of his donations, were funneled back to himself,  vote him out lock him up, how many more have to be arrested for people to open their eyes,  he has always been don the con,  he isn't running for reelection because he loves our country, he's running from being indicted, there are several investigations into DJT a impeached president,  just look at the devastation of our country in the past 4 years, our country's worst president in history, our worst problem has become homegrown terrorists, white supremacists and far right wing extremist groups",2020-10-10T17:39:37Z,-1
TRUMP 2020!!!,2020-10-10T07:46:27Z,1
"The legend was born , 4 more years from Ireland ğŸ˜",2020-10-07T23:08:55Z,1
he kept his promises the best president we have ever had TRUMP 2020 we need him vote Republican and vote trump!  from Texas ğŸ‡ºğŸ‡²â¤,2020-10-06T12:35:53Z,1
One of the greatest moments in history!,2020-10-05T16:21:01Z,-1
and heâ€™s still orange..,2020-10-03T20:39:49Z,-1
ğŸ,2020-10-02T19:34:39Z,0
Who else watchin in 2025 when the great man is leaving office ğŸ˜¢,2020-10-01T02:27:43Z,-1
What a historic moment. Absolutely amazing! He will go down in history as a great president. Much support!!!,2020-09-26T05:19:37Z,1
"This was really funny in 2015. I was rooting for him for how ridiculous the whole thing was. The joke got outta hand, and he ended up winning. Since then it's been 4 exhausting years.",2020-09-25T05:18:38Z,-1
The day all the racists came out of their smelly caves to vote because they were tired of seeing a black family in the White House.,2020-09-24T03:54:05Z,-1
Unbelievably consistent 5 years later.,2020-09-21T22:31:21Z,-1
Who's watching 2024? President Trump about to step down.,2020-09-19T13:16:31Z,1
God Bless Pres Trump 2020,2020-09-19T13:05:37Z,1
long live the King.,2020-09-19T12:32:35Z,-1
Trump is fat,2020-09-16T18:57:19Z,-1
This guy will never be president!,2020-09-15T17:39:09Z,-1
Worse day in America ğŸ˜”,2020-09-15T16:54:25Z,-1
It's been a horrible choice and a regrets now we deal with a global pandemic almost going towards North Korea 2020 is the most horrible year out of all the ones we have had 20/20 has been the worst let's hope that he loses the 2020 election and we get somebody else any functioning adult 2020,2020-09-14T03:46:49Z,-1
I watch this video at least three times a month. It never gets old.,2020-09-11T01:59:50Z,-1
Big respect to DONALD TRUMP,2020-09-09T06:05:26Z,1
Historic. Trump is the American dream.,2020-09-08T16:54:55Z,1
I donâ€™t care what the Fake News Media and the Snowflake Liberals say.........WE HAVE AN AWESOME PRESIDENT AND I LOVE THE THINGS HEâ€™S BEEN DOING FOR OUR COUNTRY THAT WE ALL KNOW PEOPLE BENEFIT FROM BUT WONâ€™T CREDIT HIM FOR.,2020-09-07T15:50:35Z,1
MAGA 2020,2020-09-05T06:47:12Z,1
im very happy Donald Trump is president,2020-09-03T08:48:53Z,1
And he will win in 2020 !!!,2020-09-02T16:16:18Z,1
"He absolutely knew what he was doing, historical day it was.",2020-09-01T20:49:15Z,1
Trump 2020! ğŸ‡ºğŸ‡¸ Watching the old speeches shows his consistency n how good he isğŸ™ğŸ‡ºğŸ‡¸,2020-08-30T01:45:35Z,1
"Thank you President Trump, for seeing something in our nation that no one else saw, and for never giving up on us. #Trump2020 
ğŸ‡ºğŸ‡²ğŸ‡ºğŸ‡²ğŸ‡ºğŸ‡¸ğŸ‡ºğŸ‡¸",2020-08-28T04:19:04Z,1
And so the story begins,2020-08-25T14:01:16Z,1
People with brains will vote Trump in November. It's either you love America or you hate it. The choice is simple.,2020-08-24T19:56:33Z,-1
And he ruined America,2020-08-21T13:57:56Z,-1
"Doesn't want to show his taxes, yet says he has such a massive net worth. Hilarious.",2020-08-18T06:13:42Z,0
Waiting for the â€œWhoâ€™s here after Biden won?â€ Comments,2020-08-15T13:16:36Z,1
Truck fump,2020-08-14T23:03:20Z,-1
One of the most American speeches in very long time,2020-08-09T00:26:44Z,-1
Trump 2020!!,2020-08-08T06:48:21Z,1
3:40 LIVE FROM NEW YORK......,2020-08-05T05:34:02Z,1
God bless Donald J Trump,2020-08-04T20:35:50Z,1
I feel like this aged like distilled water,2020-08-04T19:53:13Z,-1
Booo I hate Trump he is going to die alone,2020-08-01T17:00:21Z,-1
Tyrant,2020-07-30T19:26:45Z,0
Little did we know...,2020-07-30T05:47:35Z,0
"The thing is USA isnt a Brand ,  it's a country you muppet",2020-07-28T15:12:11Z,-1
And we also need a cheerleader...,2020-07-24T10:40:15Z,-1
0:02 my friends this is where the story starts .,2020-07-23T23:53:28Z,1
Still counting down the days until this madness ends,2020-07-22T07:34:58Z,-1
Itâ€™s 2020 ...... itâ€™s not great . COVID has put a stop to any progress. Things look very bleak,2020-07-20T04:23:14Z,1
Moments that proceeded extraordinary/unfortunate events.,2020-07-19T13:55:41Z,-1
I am going to vote for Donald Trump again.ğŸ‡ºğŸ‡¸ğŸ‡ºğŸ‡¸ğŸ‡ºğŸ‡¸ğŸ‘,2020-07-18T18:28:33Z,1
It never crossed my mind growing up Donald Trump would be President and a Republican. Because of his background. Trump 2020.,2020-07-17T02:14:35Z,1
Tucker Carlson 2024,2020-07-14T05:37:08Z,1
TRUMP 2020,2020-07-13T19:35:42Z,1
The beginning of the end...,2020-07-09T07:56:33Z,-1
When I heard he was running I laughed it off. Still canâ€™t believe this,2020-07-08T04:46:38Z,-1
"President Trump is a true patriotic leader, he's a beast!",2020-07-06T08:26:53Z,1
"How to get the idiots on side - mention america 20 times, talk about family/wife, make sure you're talking with the flag behind you and your campaign must use flag colours only, these idiots need something simple. Oh and talk about how other politicians know nothing about the real world, and since this is America, talk about the military and vets.
You might notice, a lot of republican candidates use all of the above.",2020-07-05T02:56:17Z,0
DONALD J TRUMP I LOVE U UR A MAN AMONGST BOYS GOD BLESS U,2020-07-03T10:40:44Z,1
"Itâ€™s strange watching this, it seems like at this point he wasnâ€™t sure how to preform his make America great again shtick",2020-07-03T00:55:24Z,1
"Promises made,promises kept! Trump2020!!!!",2020-07-02T12:37:29Z,0
Who is watching in 2024?,2020-06-30T06:53:36Z,1
Wasnâ€™t this dude a reality tv star? No chance he wins the election. He doesnâ€™t even make the primaries.,2020-06-28T10:22:04Z,-1
The day Donald Trump won the election.,2020-06-27T10:29:05Z,0
Things that aged...weirdly,2020-06-26T16:30:45Z,-1
0:01 voice crack,2020-06-25T09:02:03Z,0
And then America entered another recession,2020-06-23T05:14:43Z,-1
Trump 2020,2020-06-21T14:24:47Z,1
The most idiot and rasist  president in the world.  I can't breathe . slavery time  must be changed. ther is no cheng without stragl.,2020-06-21T05:21:13Z,-1
Yeah howâ€™s that working out for you Donald,2020-06-17T04:52:19Z,-1
400 liberals disliked this video,2020-06-16T23:13:12Z,-1
5 years ago!!,2020-06-16T23:02:36Z,-1
"Wow, already 5 years ago!",2020-06-16T19:56:59Z,-1
This video aged well ğŸ¤£,2020-06-16T16:11:58Z,-1
Donald is heading for his 2nd term. Joe Biden can't beat Trump. The election is going to be a Superbowl!,2020-06-12T02:49:12Z,1
"Let's Make America safer against terrorism, bring back jobs, bring back to manufacturing to be made here in America, and U.S. Troops, we will Make America Great Again without Donald Trump a stupid racist disgraceful Republican. Trump crossed the line, and he's crazy. He's out of control. This is his fault for sexual assault on women, kissing with women without permission is prohibited is a serious offense. I don't trust to have him run for the White House and live at 1600 Pennsylvania Avenue in Washington, D.C.",2020-06-11T18:24:24Z,1
"When love, truth, dignity, courage and all that follows are into the heart of the ugliest person... this person become the most  awsome !",2020-06-11T16:23:29Z,1
The beginning of the end of the greatest nation that's ever existed.,2020-06-11T07:37:17Z,-1
American people pls vote for trump again,2020-06-10T17:47:29Z,1
And that my children is how an orange was elected,2020-06-10T15:58:56Z,1
most horrible stupid idiot EVER,2020-06-10T11:35:07Z,-1
"There's ALWAYS something wrong with other people,  YOU NEVER take ownership of yourself. The ONLY THING YOU KNOW what to say is ""Shame on You""",2020-06-07T14:46:59Z,-1
Its 2020 now. I look back at this and have tears on my face. Thank you President!ğŸ‡ºğŸ‡¸ğŸ‡ºğŸ‡¸ğŸ‡ºğŸ‡¸ğŸ‡ºğŸ‡¸ğŸ‡ºğŸ‡¸ğŸ‡ºğŸ‡¸ğŸ‡ºğŸ‡¸ğŸ‡ºğŸ‡¸ğŸ‡ºğŸ‡¸ğŸ‡ºğŸ‡¸ğŸ‡ºğŸ‡¸ğŸ‡ºğŸ‡¸ğŸ‡ºğŸ‡¸ğŸ‡ºğŸ‡¸ğŸ‡ºğŸ‡¸,2020-06-06T19:14:43Z,-1
Greatest day of my life so far,2020-06-04T04:53:17Z,1
<3,2020-06-03T10:14:24Z,1
man i hope he wins,2020-05-17T16:43:01Z,-1
"This is the true definition of oxymoron

WHEN YOU EXPECT SOMEONE WHO HAS FAILED AT EVERYTHING TO MAKE YOU GREAT",2020-05-15T04:18:05Z,1
im watching this because i have to write an essay for me English teacher,2020-05-13T00:00:40Z,-1
Guess what? Itâ€™s been four years and America is no where near great again. Shame on you Trump #fakepromises,2020-05-10T06:10:02Z,-1
Legend,2020-05-09T02:48:40Z,1
Best Fuking President,2020-05-05T18:51:42Z,1
Why is this video in like 4 fps,2020-05-04T23:37:24Z,1
Lunatic and liar in chief,2020-05-04T21:38:54Z,-1
Trump 2016 / 2020,2020-04-29T05:38:48Z,1
YES = there is SOMETHING WRONG with YOU - You EVIL species! ~ You've single-handedly  made Goulash out of Americas Economy & with American Lives  ~  You've single-handedly KILLED Americans! - I'm amazed that you are still standing?!,2020-04-21T05:14:44Z,-1
0:01 Voice crack,2020-04-17T19:29:48Z,0
And so America's downfall begins ğŸ¤¦â€â™€ï¸,2020-04-17T19:07:20Z,-1
*More than 10% who watched hated this video. Facts.*,2020-04-17T13:16:52Z,-1
Whoâ€™s still watching 2016 ğŸ¤ª,2020-04-17T04:02:29Z,-1
He's coming again.,2020-04-11T02:57:12Z,1
Sure ain't doing so great now is it MR. TRUMP?  This is what happens when you think everything that has ever come up against you a hoax... Even calling the COVID 19 a Hoax too... May God forgive you Trump for your arrogance that is actually hurting us all now by bringing on this curse upon us all and because of your cutbacks we are not even prepared for it now.,2020-04-07T14:28:31Z,0
He is a laughing stock proving it again and again.,2020-04-07T14:27:02Z,1
â€œWe are going to make our country great againâ€. Historic,2020-04-05T14:14:17Z,1
"Yes, he is MY PRESIDENT!!!!!! TRUMP2020",2020-04-02T07:28:05Z,1
The rebirth of America right here,2020-03-23T05:21:07Z,1
The first girl to cheer after he says he is officially running can leave a FIRST comment,2020-03-23T02:50:20Z,1
"He said things bluntly as they were...people appreciated it...
Lot of big talk....nothing got done.
And now that his term is about to end....
Has america become great again???
*NO*",2020-03-20T17:51:44Z,1
Five okay world  new evonomy  ok,2020-03-17T07:35:50Z,1
And he won again 2020.  MAGA,2020-03-14T20:25:30Z,1
Look at it now 4 years later. #LOCKHERUPSTILL,2020-03-14T10:15:54Z,-1
jair bolsanaro gave donald trump coronavirus,2020-03-14T04:29:18Z,-1
Who is here after Trump is infected with  coronavirus,2020-03-13T18:22:33Z,-1
ì¢…ì‹ ì§‘ê¶Œì²´ì œë³´ì¥ã…¡ok,2020-03-11T22:21:59Z,0
2020 again  trump  ì¬ì„ í›„ ì½”ë¦¬ì•„ ë…íŠ¸ë¦°ì„ í¬ ã…‡k,2020-03-11T22:21:26Z,1
Oppa best of best  one  ok,2020-03-11T22:20:42Z,1
It's not peace,2020-03-11T18:18:39Z,1
"I was still in high school when this happened,  time goes by in the blink of an eye",2020-03-10T09:07:27Z,-1
I watch this video all the time.  LOVE IT!  A true American.  Thank you Trump.,2020-03-10T07:44:03Z,1
Idiot,2020-03-10T02:49:31Z,-1
Didnâ€™t vote for him in 2016 and these last 3 years heâ€™s done more for the people of color than any other president. You have my vote Trump. KAGğŸ‡ºğŸ‡¸,2020-03-09T08:22:12Z,0
"In 2016 in High School, I hated him I wouldâ€™ve voted Hillary, now Iâ€™m here watching this, #KeepAmericaGreat2020! Trump 2020 all the way!!! He has my vote, from a forner liberal student now he has my vote!!!",2020-03-06T06:06:06Z,1
who watching 2020? :D,2020-03-05T16:34:44Z,1
#Trump2020,2020-03-05T03:11:39Z,0
"Started in 2014 from india, nationalism has never looked back  . I pray Trump comes again in 2020 like PM Modi.",2020-03-04T20:37:55Z,-1
2020 baby lets win this thing again!,2020-03-04T07:38:41Z,0
"If he gets re-elected Iâ€™d stop complaining that Nicaragua isnâ€™t America, sure itâ€™s worse. But my family believes itâ€™s the last place to go..",2020-02-29T06:00:31Z,-1
a saint,2020-02-24T15:38:18Z,1
"President Donald Trump had go to Viet Nam?...Ai dung ra tiep...? hoc hoi duoc gi ko...cong gia trang...nong dan chu...ko biet gi het nhu Toi, my le co noi...co quan nha nuoc...ho tu bien tu dien dieu gi...cho ta day...nguoi bac...co cai...chac biet...de gi chiu...con chau moc ra chac cung nhiem gien di truyen...",2020-02-19T22:49:09Z,1
Proof that one man can make all the difference.,2020-02-19T15:21:32Z,1
who watch this in 2020 now,2020-02-17T02:11:57Z,1
TrumpPence2020!!!!,2020-02-11T02:53:39Z,0
Greatest president! God bless President Trump!,2020-02-06T01:18:17Z,1
"I laughed when I first heard Trump was planning on running, but after I heard this speech, I was all in. I love President Trump and plan on voting for him and all republicans in 2020.",2020-02-03T08:20:28Z,1
I fuggin love this guyâ¤ï¸,2020-02-02T20:51:47Z,1
Last day for impeachment tonight and i stood by this president... everything he said just accomplished. While he was impeached he got the deal with china then USMCA.. definitely we keep america great. Asian man here and decided to become a citizen of this country because of him,2020-01-31T03:32:27Z,-1
Watching During The Impeachment...,2020-01-25T03:34:25Z,1
The day America became great again. ğŸ‡ºğŸ‡¸ ğŸ‡ºğŸ‡¸ ğŸ‡ºğŸ‡¸,2020-01-24T20:52:03Z,1
"EVERYONE DONT VOTE FOR TRUMP IN 2020 PLEASEEE  
please & thank you",2020-01-24T03:38:35Z,1
#Bernie2020,2020-01-17T03:03:14Z,0
"It's been 3 years already
is America Great again, yet?",2020-01-15T18:48:22Z,-1
"Honestly, Iâ€™m not a Trump supporter. I do not agree with his policies, and I do not feel he is the definition of a â€œprofessionalâ€ leader. On the other hand, he is willing to call out problems on both political parties, and he is willing to say whatâ€™s on his mind regardless of whether it makes him a popular leader. And for that, he has earned my respect",2020-01-15T18:46:48Z,1
Didnt get have allegations on him with under aged kids and he dodged the draft? ğŸ˜‚ğŸ˜‚,2020-01-14T21:41:18Z,-1
"Always Right. NOW! POTUS DONALD JOHN TRUMP! THE BEST OF THE BEST!
LOVE TO AMERICA AND HER CHILDREN FROM AUSTRALIA!",2020-01-13T05:21:01Z,1
He's turned out to be the best president in living memory.,2020-01-10T19:59:23Z,1
What a huge let down he turned out to be,2020-01-06T16:35:44Z,-1
WOW an important moment in US history! the election of greatest president Donald J. Trump!!!!! MAGA! Ø³Ù†Ù‡Ø²Ù… Ø§Ù„Ø±Ø¬Ù„ Ø§Ù„Ø£Ø¨ÙŠØ¶ ÙˆÙ†Ù…Ø³Ø­ Ø§Ù„ÙˆÙ„Ø§ÙŠØ§Øª Ø§Ù„Ù…ØªØ­Ø¯Ø© Ø¹Ù† ÙˆØ¬Ù‡ Ø§Ù„Ø£Ø±Ø¶. ÙƒÙ† Ø¬Ø§Ù‡Ø²Ø§,2020-01-04T00:54:40Z,1
MAGA ğŸš©ğŸš©ğŸš©ğŸš©ğŸš©ğŸš©â›³â›³,2020-01-04T00:51:32Z,1
Idk guys I don't think he's going to make it to the Iowa Caucus,2019-12-30T23:17:17Z,-1
Best decision trump ever made and best decision America has made,2019-12-29T03:21:02Z,1
Remember when people thought this was a stunt for publicity.,2019-12-26T15:00:26Z,0
And weâ€™re going todo it again in 2020! ğŸ‘ğŸ»ğŸ‡ºğŸ‡¸ğŸ‡ºğŸ‡¸ğŸ‡ºğŸ‡¸ğŸ‡ºğŸ‡¸ğŸ‡ºğŸ‡¸,2019-12-25T05:11:55Z,-1
and now he is in impeachment hahaha,2019-12-24T06:39:47Z,1
Impeached,2019-12-23T14:57:26Z,0
The liberation of America began Nov 8 2016.,2019-12-22T04:02:06Z,1
And now heâ€™s the 3rd president to be impeached...,2019-12-19T15:49:51Z,1
"I gotta admit, when I first heard he was running, I kinda chuckled ""yeah right! Surely it's a joke"". Now, In 2019, I stand with President Trump. He IS a leader America needs. 4 MORE YEARS!!!",2019-12-18T18:34:21Z,1
Great because Trump is being friendly to russia? other than that it's been a pretty self destructive experience,2019-12-18T15:43:35Z,1
YG for president 2020,2019-12-15T15:17:20Z,1
"When he announced it and that hard rock riff started playing, I knew this was the man for me ğŸ¤£ğŸ¤£ğŸ¤£",2019-12-08T01:41:52Z,-1
"December 2019,,,still looking back at how this man started",2019-12-07T11:04:48Z,1
Watching this in 2019. He kept his promises ğŸ‘,2019-12-03T11:29:04Z,1
Trump you did not make America great. You were not in it to make America great you were in it to make yourself great to yourself.,2019-11-26T16:26:33Z,1
"Remember, Honest Abe was also one of the most hated Presidents. Evil hates good.",2019-11-14T10:13:34Z,-1
Trump your train of thought was never on track get some milk,2019-11-11T22:25:17Z,-1
TRUMP 2020!!,2019-11-11T09:20:10Z,1
"Hard to believe that in the first half of 2015 CNN never talked about Trump, what did they talk about ğŸ¤” actual news?",2019-11-05T22:39:19Z,-1
J,2019-11-01T19:54:15Z,1
God bless President Trump! MAGA KAG,2019-10-27T07:36:37Z,1
"Make America great again!
God bless America and God bless the United States",2019-10-25T03:44:10Z,1
Trump 2020,2019-10-25T01:02:59Z,1
TRUMP 2020!!!!!!!!!!!!!!,2019-10-16T06:33:07Z,1
"Trump: â€œI really thought heâ€™d be a great cheerleader.â€

Random bystander: â€œHEâ€™S NOT A LEADER!!!â€ 

Trump: â€œHeâ€™s not a leader... thatâ€™s true... youâ€™re right about that...â€

ğŸ˜‚ğŸ˜‚ğŸ˜‚",2019-10-15T22:16:34Z,1
The greatest president in human history,2019-10-14T06:28:56Z,1
Everytime he says great agin take a shot off tequila.... then watch it again get funnier everytime,2019-10-14T05:11:50Z,-1
He used to be likeable,2019-10-13T21:25:22Z,1
Goosebumps all over again....,2019-10-13T10:06:46Z,1
"May God continue to bless our Great President and protect him from the pagan, satanic, forces of evildoers who wish to bestow Communism and enslave our world.",2019-10-11T18:14:55Z,-1
"3 years later nothing is great again 
He did nothing",2019-10-09T18:18:00Z,-1
USA USA USA!! GOD BLESS YOU TRUMP! MAGA!,2019-10-03T02:49:29Z,0
The guy who built a wall to keep Mexicans away... Imagine that's his biggest agenda... #educatethesepalemfs,2019-10-01T17:58:09Z,1
Best thing to ever happen for us!,2019-10-01T12:03:36Z,1
Ah memories,2019-09-29T14:23:59Z,0
ah amen......TRUMP 20/20!!!!!!!!!!!!!,2019-09-29T05:48:01Z,1
Goosebumps every time. Best president ever.,2019-09-18T01:16:20Z,1
The moment Trump declares war on the German existentialists that have taken over the US since Operation Paperclip.,2019-09-14T15:49:46Z,-1
"That was FireğŸ”¥ğŸ”¥ğŸ”¥
2020 VisionğŸ‡ºğŸ‡¸",2019-09-14T04:57:34Z,0
Ugh ğŸ˜‘,2019-09-04T01:02:12Z,-1
The best thing ever happen to america since 2016,2019-08-29T05:24:30Z,0
#trump 2020,2019-08-24T23:49:28Z,1
"Iâ€™ve been on the trump train since 2015.. itâ€™s affected relationships in my own family, but I feel 10000% sure that Iâ€™m the one that was right. God bless this man",2019-08-22T01:26:13Z,1
Wow this gave me a very strange feeling on August 19 2019,2019-08-20T03:10:30Z,-1
I'm using internet explorer. There's no way this dude can win. Hillary will crush him in the general elections.  Nice speech though.,2019-08-16T18:09:12Z,1
2:44 And that ladies and gentlemen is how Trump won.,2019-08-14T22:36:42Z,1
"A man who had it all he had the love from the news and Hollywood and he gave it up to save the American Dream for us all and make our lives better greater then ever then before and he was loved by them now they hate him because heâ€™s not a Puppet with strings and they call him names and bad things thatâ€™s not true and when they attack him they are attacking America thatâ€™s why he won and the same for 2020 
Thank you President Trump 
For making America great and keep it great and make it greater then ever before. ğŸ‡ºğŸ‡¸ğŸ¦…ğŸ”âš¾ï¸ğŸ¤ ",2019-08-12T04:07:16Z,1
Trump 2020,2019-08-11T14:09:46Z,1
3:22,2019-08-10T07:44:51Z,0
Hard to believe Democrats once thought Trump was doing this as a publicity stunt.,2019-08-09T05:35:02Z,-1
Trump 20/20,2019-08-08T13:17:56Z,1
i thought this was a prank,2019-08-05T19:58:51Z,-1
3:27 look like on the Simspon,2019-07-31T01:37:15Z,1
I'll be voting for President Trump again in 2020!,2019-07-28T05:29:16Z,1
2019 i Love trump. Keep America Great!,2019-07-26T01:37:01Z,1
Everything he said on day one is what he focused on his presidential. Kept his promise.,2019-07-24T00:48:52Z,-1
Thank you for your sacrifice Mr. Trump! MAGA,2019-07-14T15:58:38Z,1
Believe me,2019-07-13T12:25:41Z,1
"T.AKING
R.IGHTEOUSNESS U.NITING.    .     .    .     .
M.ANY 
P.ATRIOTS 
ğŸ‡ºğŸ‡¸
P.RAISES 
E.CHOED 
N.OW 
C.HRIST 
E.XALTED",2019-07-08T23:34:11Z,0
Yo,2019-07-07T22:32:03Z,1
The world saw this and laughed haha.  Just another candidate that won't make it. But my oh my weren't they wrong!  HAHAHA.  TRUMP 2020,2019-07-07T13:13:16Z,1
Epic,2019-07-06T20:03:48Z,1
Watching this after Trump meething at DMZ with North Korea. Amazing. Trump 2020,2019-07-01T05:48:47Z,1
Trumpocolypse 2016 and 2020.,2019-06-27T17:54:59Z,0
Still so sweet.,2019-06-25T22:18:18Z,1
"Who watches this and thinks, yeah that's my guy.  oh yeah..morons.",2019-06-22T21:53:31Z,1
His smallest rally ever,2019-06-21T21:59:28Z,-1
Amazing moment,2019-06-21T02:51:59Z,1
The moment the world ended.,2019-06-18T21:36:22Z,-1
He will never win!,2019-06-18T12:34:00Z,-1
4 years,2019-06-16T21:09:01Z,-1
4 years ago today Donald J. Trump came down the escalator in Trump Tower and shocked the whole world.,2019-06-15T20:28:01Z,1
Goin down as one of the BEST presidents in history TRUMP 2020 ğŸ‡ºğŸ‡¸ Make America even greater 2nd term thank you president trump for marking America great again.,2019-06-07T03:04:23Z,1
USA didn't know she would be screwed,2019-06-06T05:36:03Z,-1
Trump has done a beautiful job too! Now I'm going to watch him win again in 2020!! MAGA!!!,2019-05-28T23:30:59Z,1
We Need You! Thank GOD For President Trump! #maga #Kag #wwg1wga,2019-05-25T16:24:16Z,1
Who's watching while Congress is in the Impeachment process? ğŸ˜‚ğŸ˜‚ğŸ˜‚ğŸ˜‚,2019-05-20T21:54:20Z,1
Obama has been a 'negative force'   SO True!,2019-05-08T20:57:30Z,-1
Donald Trump looks 75 not 50,2019-04-27T18:48:02Z,1
Hard to imagine knowing what itd be like in april of 2019 when this happened,2019-04-27T00:02:54Z,-1
Make America racist again.,2019-04-21T19:16:24Z,0
Trump is going to prison.,2019-04-21T14:54:28Z,1
"I have a really good question. Trump announced his candidacy on Tues, 14 Jun 2016. How then could CNN upload this video on the SAME DATE, reporting that the DNC was hacked by Russia and stole their research on Trump? How did the DNC already have research on Trump either before or on the same date he announced his candidacy? If you doubt the date was the same, look! https://youtu.be/FxJiU26Tv-s",2019-04-20T17:58:53Z,-1
This is very nearly 4 years ago already,2019-04-20T02:42:53Z,-1
Whether you hate him or love him,2019-04-14T19:26:03Z,-1
I love this man never thought he would win,2019-03-13T03:10:14Z,1
"He,tells the truth which people don't like eventually.He is talented Man.ğŸ˜",2019-03-13T00:27:49Z,1
This is history,2019-03-11T06:09:10Z,-1
This man makes me wish I was American!!!,2019-03-09T04:05:01Z,-1
Update: Worst president ever,2019-03-07T10:35:39Z,-1
JAJAJAJAJAJAJAJAJAJAJA ESCOSES,2019-03-03T19:48:33Z,0
Epic speech!,2019-03-03T13:49:29Z,1
"thereâ€™s NO WAY he could possibly win!








Oh, wait....",2019-03-01T14:06:45Z,-1
Great man.,2019-02-18T15:22:40Z,1
The Day the US CHANGED!!! Love him!,2019-02-15T21:31:04Z,1
"TRumpy boy XD, you still a man without of power, just a bluff.
They got you nailed.",2019-02-15T18:05:29Z,-1
Good Times.,2019-02-15T07:44:26Z,1
Q,2019-02-15T06:43:14Z,-1
"Trump 2020
Pence 2024
Pence 2028
Shapiro 2032
Shapiro 2036
Hyder 2040
Hyder 2044",2019-02-10T03:18:39Z,1
DUBSSSSSS,2019-02-02T22:34:28Z,0
America don't great again you know why Mr President because THEY HAVE GREAT.ğŸ˜,2019-01-23T10:37:35Z,1
generation z for trump!!!,2019-01-23T03:56:45Z,1
it'll never happen!,2019-01-22T00:18:11Z,-1
Now people that voted for him regret it right now,2019-01-21T23:01:25Z,-1
ğŸ’©,2019-01-20T05:32:37Z,0
Whoâ€™d a thot,2019-01-19T07:19:52Z,-1
Im from 2019 and jobs and the economy is at an all tine high,2019-01-19T07:08:32Z,-1
who wacthing in 2019,2019-01-16T19:29:54Z,1
"Anyone watching in 2019, because it doesn't look like Trump is gonna win a Nobel prize any time soon. Or make Mexico pay for the wall. Or make AMERICA GREAT AGAIN!!!!",2019-01-13T06:45:40Z,1
Its now 2 years on from most of these comments. I wonder if the BS has worn thin for most of them. This lying traitor may well be the first president to go to prison. The list of crimes they have connected him to; are staggering.,2019-01-09T23:16:11Z,0
"Watching this January 2019, and it hurts to know everything that has happened since this moment.",2019-01-09T07:31:50Z,-1
Keep America great. Trump 2020.,2019-01-02T19:47:57Z,1
God bless you DTJ,2018-12-29T02:43:15Z,1
Greatest day of all of our lives,2018-12-25T15:27:06Z,1
I watched this mans choices closely. Then when he won I instantly watched this. I love this man.,2018-12-19T02:00:52Z,1
"1.36: anybody bothering to check on the veterans? Only heard of some that really dont like him, not even on  their funeral, so, got the numbers?",2018-12-19T00:16:15Z,-1
"I wonder if he regrets this, he could not have know how saturated, or the depth of the corruption throughout the country is.   It is so completely gone, and he just likely showed up one criminal to late,  and no matter what we learn from the Trump presidency we know we have been driven off a cliff by Democrate lust of money, greed and corruption.",2018-12-18T02:16:24Z,-1
Yes we are Mr. President!,2018-12-16T05:44:17Z,1
This is the first time Iâ€™ve ever voted!,2018-12-16T05:42:23Z,1
We have Obama to thank!,2018-12-16T05:42:09Z,1
MAGA!,2018-12-16T05:41:18Z,1
wow the hand movements and the physical persuasion remind me of somebody with a pencil mustache and racist idea that killed 4 million innocent people,2018-12-04T23:28:00Z,-1
When does the greatness start happening?,2018-11-25T16:52:07Z,1
What a beautiful moment!,2018-11-22T08:02:17Z,1
"One of the greatest speeches of all time, I will tell generations to follow that at the time Trump gave this speech, we were truly in turmoil.  Now America is respected and feared.  Heâ€™s brought a light to this country that never existed.",2018-11-21T20:57:05Z,0
Two years later. Trump made America worst again!!!,2018-11-21T16:33:16Z,-1
It never gets old...I love President Trump!,2018-11-12T23:49:15Z,-1
and everyone said he wouldn't  win when he did this speech...,2018-11-11T03:26:34Z,-1
He was born for this.,2018-11-06T15:11:51Z,1
"This moment in American History...the rest as they say, is history.",2018-11-02T04:29:11Z,1
started from the bottom now we're much lower,2018-10-20T16:43:32Z,-1
Pray for our president ğŸ™ğŸ™ğŸ™ğŸ™,2018-10-19T07:26:39Z,-1
History in the making! God bless Trump and God bless America!,2018-10-07T23:46:57Z,1
hard to believe he actually did it and succeeded. I cringe at the thought of that corporate shedevil being president.,2018-10-07T11:23:19Z,-1
watching in Sept. 2018... in Iran...,2018-10-04T19:55:05Z,-1
One of the greatest days in American history!! MAGA Trump 2020,2018-09-19T13:11:15Z,1
ğŸ‡ºğŸ‡¸ ğŸ™,2018-09-15T04:42:29Z,0
Biggest con artist ever existed,2018-09-13T12:26:14Z,-1
This guy is delusional if he is calling others a negative force. Trump is the physical embodiment of negativity,2018-09-13T12:25:24Z,-1
Dump frump,2018-09-13T12:24:25Z,-1
"So... How'd it go, Folks?",2018-09-08T20:10:59Z,1
3 years later and he has proven himself to be the best President in recent history!,2018-08-29T03:11:41Z,0
Love â¤ï¸ love my President DJT! MAGA!!,2018-08-06T03:20:35Z,1
The moment things started to turn good for our wonderful nation!  Thank you President Trump.,2018-08-03T02:26:48Z,1
"All these promises, yet were still fucked. Bending over for Putin and yet you still worship this fool.",2018-07-30T05:46:43Z,-1
and the rest is history,2018-07-21T19:50:26Z,-1
I get chills watching this still.......thank you Lord :),2018-07-20T12:16:07Z,1
Tony Schwartz wrote The Art Of The Deal. Trump is a lying moron.,2018-07-06T15:45:58Z,1
Epic,2018-07-01T05:08:34Z,1
"God bless this man, Trump 2020!",2018-07-01T04:00:51Z,1
Luv trump,2018-06-26T05:52:53Z,1
#Trump2020,2018-06-23T21:59:07Z,0
"By far, the finest President of our LIFETIMES.",2018-06-22T00:20:48Z,1
We need one like him for Germany,2018-06-19T07:46:05Z,-1
Hillary For Prison 2018,2018-06-16T17:13:06Z,1
3 year anniversary,2018-06-16T14:21:25Z,1
Watching this 3 years after his announcement for president,2018-06-16T13:58:14Z,1
2018 anyone,2018-05-31T23:42:31Z,-1
Who woulda thunk a year and a half later he'd win,2018-05-30T04:05:27Z,-1
get it Donald !!!!!!!!!!!!!,2018-05-29T20:10:24Z,-1
"I still remember this 3 years ago --- the night of this speech, every Late Night Talk Show was mocking Trump, every news Network was degrading him ---- and he won.  And he won Big League.  Regardless of your Political Affiliation, the Trump win was and is historic --- the FIRST ""outsider"" to win the Presidency.  I'm still floored.",2018-05-26T08:28:43Z,1
â€œWe our going to make our country great againâ€ greatest words to be spoken.,2018-05-13T18:00:40Z,1
this is the best thing ever to have happen in the us,2018-05-08T12:50:08Z,1
Didnâ€™t he pay people to show up to this? Thatâ€™s crazy that it worked out...,2018-05-05T16:13:45Z,-1
He came he saw they laughed..he WON,2018-05-01T12:31:31Z,1
Still watching this make America great again,2018-04-24T02:07:09Z,1
And Iâ€™ll be damned if he didnâ€™t do just that. Likely the greatest man to ever live at any point in history.,2018-04-24T01:53:16Z,-1
"How delusional is this guy. He keeps saying ""They..."" are destroying our country, when it is trump himself and alone doing that destruction of values, morals and image of the whole country.",2018-04-19T14:55:49Z,-1
President Donald Trump for 2 Terms U.S Navy Veteran served 5 Yrs 2007-2012 HOOO YAAA ğŸ˜ ğŸ‡ºğŸ‡¸ ğŸ‘ğŸ½!!!!!!!,2018-03-21T19:06:16Z,1
Birth of a legend.,2018-03-15T04:32:37Z,1
What an absolute Legend !!,2018-03-11T02:08:37Z,1
"Its funny, before this day hardly any people gave this guy any thought and then began the tidal wave.",2018-03-04T22:22:21Z,1
"I remember watching this the following day. There was a sense of magic in this speech. He was the ultimate underdog, but there was a vibe that he could win it all.",2018-03-01T11:26:17Z,1
This is such an epic moment. 136 liberals didn't agree.,2018-02-20T21:12:33Z,1
"Well, he hasn't blown up the world yet, but there's still time.. Trust me, this dude is gonna cause a global catastrophe.",2018-02-18T21:45:20Z,-1
Gives me chills....,2018-02-14T17:34:38Z,1
"Gawtdam illegals err takin our jawbs!!
*gets offered job in construction, agriculture, janitorial, etc*
That jawb's nawt fer me, I deserve somethin betterr!!",2018-02-12T18:44:22Z,1
Forgot the way Donald used to talk so his opponents couldn't take his ideas and rebrand them,2018-02-11T14:56:57Z,-1
And the rest is history.,2018-02-10T13:40:35Z,-1
That was a historic moment in time.  The only man that could have changed history.  THANKS TRUMP!!,2018-02-07T09:46:15Z,1
Anyone here in 2018,2018-02-02T01:07:10Z,-1
MSM=COMMIES,2018-01-23T15:45:36Z,-1
We will make our country terrible again,2018-01-22T03:21:52Z,-1
"Never in my mimd would i habe thought that this clown would be our president. Now, he's not a leader, but he sure is entertaining. He might not know what hes doing but he has a way with words...ill give him that.",2018-01-17T11:11:42Z,1
Every time I hear â€œladies and gentlemenâ€ I get those goosebumps all over me in happiness,2018-01-12T20:40:38Z,1
what a disaster he's been,2018-01-08T13:18:51Z,-1
MAGA!,2017-12-23T22:45:22Z,1
Looking back DJT was right on every statement,2017-12-22T17:43:22Z,-1
Who remembers when the media tried stating that everybody in the audience were paid to be there?,2017-12-12T15:44:45Z,1
Some mexican ladies may like trump if you get what im saying ğŸ˜ğŸ˜ğŸ˜ğŸ˜‰ğŸ˜‰ğŸ˜‰,2017-12-10T00:22:21Z,1
3:20 is what your looking for.,2017-11-24T05:52:17Z,1
Best day ever,2017-11-20T08:46:45Z,1
One of the greatest moments in American history,2017-11-16T23:35:54Z,1
"I would have never imagined two years ago that Trump would win, but what an accomplishment. An individual with no political background beat all of the political elites and even the experienced Hilary Clinton. Incredible.",2017-11-13T09:38:45Z,1
"Is this a 70 years old person.  Really,  he looks 50 and he's energy level  like teenager",2017-11-11T09:02:32Z,0
i cry evertime,2017-11-04T02:16:51Z,-1
Gud pu$$y is betta den oxagen,2017-10-23T05:29:22Z,1
What a pathetic little moron....,2017-10-07T16:20:34Z,-1
I voted for Trump but I did not honestly expect him to defeat Hillary. But thank the gods that he did.,2017-09-11T19:28:03Z,1
top 10 first episodes in anime,2017-09-11T01:49:27Z,1
Holding back tears as I watch this. I want my country back. God bless Donald Trump and God bless the United States of America!,2017-09-06T03:45:19Z,-1
LMFAO he won!,2017-08-22T08:51:10Z,1
The day the lefts plans for this country began to die.,2017-08-20T01:24:32Z,-1
Who's here in 2017 before WWIII started?,2017-08-16T22:59:03Z,1
The day this country died...,2017-08-14T02:43:11Z,-1
Hillary Rodham  Clinton for America  2020,2017-07-15T15:26:14Z,1
Historic moment!  The beginning of Making America Great Again!  MSM is FAKE NEWS,2017-07-08T08:10:46Z,1
Thank you God for blessing America with President Trump!,2017-06-22T01:10:41Z,1
"Proudly watching this exactly 2 years later, knowing that, through all the hatred, this man became our President. Thankful we have #PresidentTrump!",2017-06-16T21:56:16Z,1
"Two years ago today, it started with this.  He won. He's winning in policy efforts. And he will win out over his enemies.


MAGA.",2017-06-16T14:58:25Z,0
What a great day! Two years ago!!!!,2017-06-15T19:49:21Z,1
"Donald Trump is liar, a fraud and a loser that lose the Presidential race. I want a new President without Donald Trump.",2017-06-05T11:31:16Z,-1
has it already been nearly 2 years now? wow.,2017-05-27T01:58:24Z,-1
304,2017-05-23T15:31:24Z,0
And he is!!! So much better than Killary Rotten Chicken!!!,2017-05-17T01:13:01Z,-1
TRUMP TWENTY TWENTY!!!,2017-05-15T08:12:38Z,1
President Trump we did it!,2017-05-12T20:43:57Z,1
Amazing,2017-05-06T13:19:42Z,1
I said it 2 years before he even announced. in 2013 I said Donald Trump will be the next president. and I.   have it on a Facebook post,2017-04-18T21:58:52Z,-1
To think that I used to be one of Trump's biggest conservative haters. Now I'm his biggest fan.,2017-04-16T03:47:06Z,1
American Savior was born!,2017-03-24T06:34:31Z,0
God bless are 45th president of the United States.,2017-03-14T05:37:37Z,1
God bless President Trump.,2017-03-02T15:05:18Z,1
It's great to watch someone DO something for his country. I hope Donald invades Australia and throws out our stupid pm.,2017-02-12T22:17:53Z,-1
"3:01 Trump was so caught up in the moment he completely fucked that line up lol..I think he meant to say ""that's the kind of mindstate that we can't have if you want a leader to make this country great again"" something like that..anyway, I supported Trump so don't think I was talking down on him, just something I noticed he messed up on due to the excitement ;)",2017-02-04T16:47:35Z,1
"watching this after trump inauguration
amazing speech my man!",2017-01-24T20:32:34Z,1
"And now Donald Trump is the President of the United States
Jesus Christ",2017-01-23T03:55:07Z,1
"When he announced he was running I had a feeling something special was going to happen, I was right!",2017-01-22T20:56:50Z,-1
"Wouldn't it be hilarious if he actually won...? Oh, wait...",2017-01-22T17:14:28Z,0
Oh my god he did it,2017-01-21T05:55:41Z,-1
Wow oh wow how things change,2017-01-20T22:25:18Z,1
I hate you trump,2017-01-20T21:50:18Z,-1
"January 20th 2017
It's been such a journey",2017-01-20T17:49:19Z,-1
May the Christian God bless Donald Trump!,2017-01-18T21:47:45Z,1
"I didn't know people in the US where dumb enough to actually vote for this guy. Well it's a shit country anyway, so I don't really care.",2017-01-17T16:49:38Z,0
"It's been a fucking amazing ride, lads.",2017-01-12T03:27:10Z,1
Please make the world great again Mr Trump. You're all we have.,2017-01-10T09:23:36Z,1
HOW DARE HE MAKE FUN OF BARACK OBAMA ? WHO HAS MADE THIS COUNTRY A SAFE ONE . HES DONE EVERYRHING HE CAN . TRUMP IS A DANGER TO AMERICA . AND WHEN ARE PEOPLE GONNA REALIZE MELANIA IS A GOLD DIGGER OMG STOP,2017-01-02T13:59:54Z,-1
""" great leader "" he's none of that lmao .",2017-01-02T13:58:18Z,1
And ur controlled by putin you asshat! #stillnotmypresident!,2016-12-26T06:12:40Z,0
WSJ never thought Trump would win! Globalists shaking now.,2016-12-08T20:34:07Z,-1
Who's laughing now?,2016-12-04T22:54:23Z,1
he'll be a one term president.,2016-12-02T08:22:34Z,-1
So proud to have Donald Trump as president elect!,2016-11-25T05:50:49Z,1
Our vets have been abandoned! Who will keep our pets healthy!?,2016-11-25T00:25:55Z,-1
This man is a hero. You all watch & see,2016-11-19T01:20:28Z,1
TRUMP TRUMP TRUMP TRUMP,2016-11-16T00:11:20Z,1
he pulled it off. people were so damn tired of career politicians and the same bullshit speeches. this man was entertaining. on point. spoke from the heart. showed insane work ethic. he pulled it off. he was a movement in america. I hope we never go back to the bullshit of the past. no more Clinton's. no more bushes. no more Obama's.,2016-11-15T12:38:28Z,-1
I come from he future wherein Trump won.....,2016-11-14T07:08:12Z,1
I love it.  Team Trump. And I am a Hispanic with lots of illegal immigrants in my family. I can't wait for him to appoint a good conservative justice.,2016-11-12T01:20:51Z,1
Mother of God.,2016-11-11T14:51:07Z,1
guy's everything happens for a reason something might happen to him who knows.,2016-11-11T02:16:39Z,-1
guy's everything happens for a reason something might happen to him who knows.,2016-11-11T02:16:31Z,-1
Man it was one wild ride. From that to now it was one incredible election season.,2016-11-10T22:49:22Z,1
AND NOW HE IS PRESIDENT! USA USA USA,2016-11-10T17:51:50Z,1
Speak English JC penny's,2016-11-10T16:40:38Z,1
"When all odds and people said he couldn't, he said yes we can. And he made it! President Trump you deserve the honor to be commander and chief!",2016-11-10T07:42:56Z,1
Anyone watching in nov 9th? Cause he won,2016-11-10T05:16:43Z,-1
"sending from internet explorer so I dont know when this is gonna post but Donald trump is going to win the presidency unless we do something to stop it, everybody thinks its a joke but im dead serious vote Bernie into the primaries to avoid this mess before its too late!",2016-11-10T00:24:58Z,-1
The Day America Knew That This Country Still Had Hope. Mr. President 2017 Will Be Our Year. #CrookedHillary #Hillary4Prison,2016-11-09T20:51:39Z,-1
I knew it then Mr President,2016-11-09T18:49:05Z,1
I swear that is a greenscreen although there are people cheering and taking photos???,2016-11-09T17:37:51Z,-1
He won't become president...,2016-11-09T17:37:06Z,1
Me,2016-11-09T17:17:27Z,0
lol,2016-11-09T15:21:48Z,1
it really was dumb and dumber this year and dumber won.,2016-11-09T10:38:36Z,-1
ğŸ‡ºğŸ‡¸PRESIDENT Donald J. TrumpğŸ‡ºğŸ‡¸,2016-11-09T09:13:06Z,1
Whos watching after Trump won!,2016-11-09T08:18:01Z,1
Who else watched this the moment Trump won?,2016-11-09T08:08:47Z,1
Well well well...,2016-11-09T06:56:29Z,1
I am proud of the American people. I salute you.,2016-11-09T06:53:58Z,1
he didn't even write the art of the deal. Low down yankee liar.,2016-11-01T20:18:19Z,-1
"Obama got completely brainwashed by Chairman Mao. He's definitely a negative force. Man. We have been suffering for 8 years! He doesn't know what he's doing. He just enjoys the title of King of the world and plays a lot of golf. He's not a cheer leader, he's a black hole.",2016-10-28T14:23:17Z,0
Epic! He's opening a new era!,2016-10-26T17:56:55Z,1
I'm taking a shit while watching this. what's coming out is what this is.,2016-10-23T10:34:27Z,1
"A dark, DARK day in American history.",2016-10-21T04:01:19Z,-1
"Hiw can he create jobs if he keeps saying ""You're fired.""?",2016-10-20T15:39:22Z,1
I'm with Trump in Germany #TrumpTrain,2016-10-09T22:07:40Z,1
The energy is off the charts for this man. Fantastic!,2016-09-23T19:51:57Z,1
This moment is historic.,2016-09-23T18:32:46Z,1
Finally a man who has stuck to his word! Latinos4Trump,2016-09-19T19:30:17Z,-1
Suicide rates doubled after this day in America,2016-07-02T15:21:37Z,-1
"""and some I assume are good people"" not the majority of immigrants are good people, SOME I ASSUME a double negative to really hint that the minority are actually a majority, it's so incredibly racist it's amazing he made it past this comment.",2016-03-27T21:03:46Z,1
Well that was poorly articulated,2016-03-04T07:08:27Z,-1
yay trump has won 10 States since joining the campaign,2016-03-03T03:11:46Z,1
And so it began,2016-02-25T19:31:53Z,0
Cruz will make America great again.,2016-02-02T06:16:16Z,1
Lol! Cruz wins Iowa!,2016-02-02T06:15:59Z,1
trump 2016!,2016-01-12T15:12:51Z,1
Donald Duck!,2015-06-17T04:16:34Z,0
Going to be an interesting campaign run for sure. I would like to hear some other professional perspectives of this guy.,2015-06-16T23:16:02Z,1
Presidential campaign  or a clan rally I was all in I was just hoping he didn't duly anything about Obama not that I care about the guy but I was like yhis is your moment to prove to us why you should be not why someone else who is already on there way out should never had been. Second if this guy get elected prepare to see a lot of dumb shit that will only benefit the wealthy happen ahh o well and vets have been abandoned since forever it nice for someone to say they want to change that but this dude don't know nothing bout no military stand point I can see him going to speak to negotiate truths and when it goes south he's going to say your fired hahahahaha I'd rather have Hilary ,2015-06-16T22:50:13Z,1
laughtears,2015-06-16T22:08:44Z,0
"1st, and amazing speech!",2015-06-16T21:40:18Z,1
